TeamNo,AutoD1Cross,AutoD1Reach,AutoD2Cross,AutoD2Reach,AutoD3Cross,AutoD3Reach,AutoD4Cross,AutoD4Reach,AutoD5Cross,AutoD5Reach,AutoHighShotMade,AutoHighShotAtt,AutoLowShotMade,AutoLowShotAtt,AutoTotalPoints,TeleOpD1Cross,TeleOpD1Att,TeleOpD2Cross,TeleOpD2Att,TeleOpD3Cross,TeleOpD3Att,TeleOpD4Cross,TeleOpD4Att,TeleOpD5Cross,TeleOpD5Att,ChallengeScale,TeleOpHighShotMade,TeleOpHighShotAtt,TeleOpLowShotMade,TeleOpLowShotAtt,TeleOpTotalPoints,TotalPoints,Defense,match
1785,1,0,0,0,0,0,0,0,0,0,0,0,0,0,0,1,1,1,1,0,0,0,0,0,0,None,0,0,0,1,0,0,0,1
1806,0,0,0,0,0,0,0,0,0,0,0,0,0,0,0,0,0,2,2,0,0,0,0,1,1,None,1,2,0,0,0,0,0,1
5801,0,0,0,0,0,0,0,0,0,1,0,0,0,0,0,0,0,0,0,1,1,0,0,1,1,None,0,0,0,0,0,0,0,1
2202,0,0,0,0,0,0,0,0,0,0,0,0,0,0,0,5,5,0,0,0,0,0,0,0,0,None,0,0,0,0,0,0,0,1
2335,0,0,0,0,0,0,0,0,0,0,0,0,0,0,0,0,0,0,0,0,0,0,0,0,0,None,0,0,0,0,0,0,0,1
5098,0,0,0,0,0,0,0,0,0,0,0,0,0,0,0,0,0,0,0,0,0,1,1,0,0,None,0,0,0,0,0,0,0,1
2001,0,0,0,0,0,0,1,0,0,0,0,0,0,0,0,0,0,0,0,0,0,0,0,0,0,None,0,0,1,1,0,0,0,2
5126,0,0,0,0,0,0,0,0,0,0,0,0,0,0,0,10,10,10,10,0,0,0,0,0,0,None,0,0,0,0,0,0,0,2
5189,0,0,0,0,0,0,0,0,0,0,0,0,0,0,0,0,0,0,0,0,0,0,0,0,0,None,0,0,0,0,0,0,0,2
1997,0,0,0,0,0,0,0,0,0,0,0,0,0,0,0,0,0,0,0,0,0,0,0,2,2,None,2,3,0,0,0,0,0,2
2164,0,1,0,0,0,0,0,0,0,0,0,0,0,0,0,2,2,0,0,1,1,0,0,0,0,None,0,1,1,1,0,0,0,2
2346,0,0,0,0,0,0,0,0,0,0,0,0,0,0,0,3,3,2,2,0,0,0,0,0,0,None,0,0,0,0,0,0,0,2
2874,0,0,0,0,0,0,1,0,0,0,0,0,0,0,0,0,0,0,0,0,0,1,1,0,0,None,0,0,0,0,0,0,0,3
5809,0,0,0,0,0,0,0,0,0,1,0,0,0,0,0,0,0,0,0,0,0,0,0,0,0,None,0,0,0,0,0,0,0,3
5968,1,0,0,0,0,0,0,0,0,0,0,0,0,0,0,10,10,0,0,0,0,0,0,0,0,None,0,0,0,0,0,0,0,3
1802,0,0,0,0,0,0,0,0,0,0,0,0,0,0,0,0,0,0,0,0,0,0,0,0,0,None,0,0,0,0,0,0,0,3
5918,0,0,0,0,0,0,0,0,0,0,0,0,0,0,0,1,1,0,0,0,0,1,1,0,0,None,0,0,1,1,0,0,0,3
1825,1,0,0,0,0,0,0,0,0,0,0,0,0,0,0,1,1,0,0,0,0,0,0,2,2,None,0,0,1,1,0,0,0,4
2410,0,0,0,1,0,0,0,0,0,0,0,0,0,0,0,0,0,1,1,0,0,0,0,0,0,None,1,2,0,0,0,0,0,4
5730,0,0,0,0,0,0,0,1,0,0,0,0,0,0,0,0,0,1,1,0,0,2,2,0,0,Challenged,0,0,0,0,0,0,0,4
1723,0,0,0,0,0,0,0,0,0,0,0,0,0,0,0,10,10,0,0,0,0,0,0,0,0,None,0,0,0,0,0,0,0,4
1827,0,0,0,0,0,0,0,0,0,0,0,0,0,0,0,0,0,0,0,0,0,0,0,2,2,None,0,0,0,0,0,0,0,4
3485,0,0,0,0,0,0,0,0,0,1,0,0,0,0,0,0,0,0,0,0,0,0,0,0,0,None,0,0,0,0,0,0,0,4
1769,0,0,0,0,0,0,0,0,0,0,0,0,0,0,0,0,0,0,0,0,0,0,0,0,0,Challenged,0,0,3,3,0,0,0,5
1939,0,0,0,0,0,0,0,0,0,0,0,0,0,0,0,4,4,0,0,0,0,0,0,0,0,Challenged,0,0,4,7,0,0,0,5
1982,0,0,0,0,0,0,0,0,0,0,0,0,0,0,0,0,0,0,0,10,10,0,0,0,0,Challenged,0,0,0,0,0,0,0,5
4522,0,0,0,0,0,0,0,0,0,0,1,1,0,0,0,2,2,0,0,0,0,0,0,0,0,Challenged,0,0,3,4,0,0,0,5
2345,0,0,0,1,0,0,1,0,0,0,0,0,0,0,0,1,1,2,2,0,0,0,0,0,0,None,0,0,1,1,0,0,0,5
4455,1,0,0,0,0,0,0,0,0,0,0,0,0,0,0,0,0,2,2,0,0,0,0,0,0,None,0,0,0,0,0,0,0,5
5268,0,0,0,0,0,0,0,0,0,0,0,0,0,0,0,0,0,0,0,0,0,1,1,0,0,None,0,0,1,1,0,0,0,5
1775,0,0,0,0,0,0,0,0,0,0,0,0,0,0,0,0,0,0,0,0,0,1,1,0,0,None,0,0,2,2,0,0,0,6
1777,0,0,0,0,0,0,0,0,0,0,0,0,0,0,0,0,0,2,2,0,0,0,0,0,0,Challenged,0,0,0,0,0,0,0,6
1987,1,0,0,0,0,0,0,0,0,0,0,0,0,0,0,1,1,1,1,0,0,0,0,0,0,Challenged,0,2,0,0,0,0,0,6
1108,0,0,0,0,0,0,0,0,0,0,0,0,0,0,0,0,0,0,0,0,0,0,0,3,3,None,0,0,0,1,0,0,0,6
1730,0,0,0,0,0,0,0,0,0,0,0,0,0,0,0,0,0,2,2,0,0,0,0,1,1,None,1,2,1,1,0,0,0,6
1769,0,0,0,0,0,0,0,0,0,0,0,0,0,0,0,2,2,0,0,0,0,0,0,0,0,None,0,0,2,3,0,0,0,6
1994,0,1,0,0,0,0,0,0,0,0,0,0,0,0,0,2,2,0,0,0,0,0,0,0,0,None,0,0,0,0,0,0,8,6
3172,0,0,0,0,0,0,0,0,0,1,0,0,0,0,0,0,0,0,0,0,0,0,0,2,2,None,0,0,0,0,0,0,0,6
31,0,0,0,0,0,0,0,0,0,0,0,0,0,0,0,0,0,0,0,0,0,0,0,0,0,None,0,0,0,0,0,0,0,7
1764,0,0,0,0,0,0,0,0,0,0,0,0,0,0,0,2,2,0,0,1,1,0,0,0,0,None,0,0,3,5,0,0,0,7
2560,0,0,0,0,0,0,0,0,0,0,0,0,0,0,0,0,0,0,0,0,0,0,0,0,0,None,0,0,0,0,0,0,0,7
1737,0,0,0,0,0,0,0,0,0,0,0,0,0,0,0,0,0,0,0,0,0,0,0,0,0,None,0,0,0,0,0,0,0,7
1986,0,0,0,0,0,0,0,0,0,0,0,0,0,0,0,2,2,0,0,0,0,2,2,1,1,None,5,5,0,0,0,0,0,7
2167,0,0,0,0,0,0,0,0,0,0,0,0,0,0,0,0,0,0,0,0,0,0,0,0,0,None,0,0,0,0,0,0,0,7
5918,0,0,0,0,0,0,0,0,0,0,0,0,0,0,0,0,0,0,0,0,0,0,0,0,0,None,0,0,0,0,0,0,0,7
1763,0,0,0,0,0,0,0,0,0,0,0,0,0,0,0,0,0,0,0,0,0,0,0,1,1,None,0,0,3,3,0,0,0,8
1847,0,1,0,0,0,0,0,0,0,0,0,0,0,0,0,1,1,1,1,1,1,0,0,0,0,None,0,0,0,1,0,0,0,8
2457,0,0,0,0,0,0,0,0,0,0,0,0,0,0,0,0,0,1,1,0,0,0,0,0,0,None,0,1,0,0,0,0,0,8
5013,0,0,0,0,0,0,0,0,1,0,0,0,0,0,0,0,0,0,0,0,0,0,0,2,2,Challenged,0,0,0,0,0,0,0,8
5119,0,0,0,0,0,0,0,0,0,0,0,0,0,0,0,0,0,0,0,1,1,0,0,0,0,Challenged,0,0,1,1,0,0,0,8
5141,0,1,0,0,0,0,0,0,0,0,0,0,0,0,0,2,2,0,0,0,0,0,0,0,0,Challenged,0,0,2,2,0,0,0,8
1810,0,0,0,0,0,0,0,0,0,0,0,0,0,0,0,0,0,0,0,0,0,0,0,0,0,None,0,1,0,0,0,0,0,9
1984,0,0,0,0,0,0,0,0,0,0,0,0,0,0,0,2,2,0,0,0,0,1,1,0,0,None,0,0,1,1,0,0,0,9
2353,0,0,0,0,0,0,0,0,0,0,0,0,0,0,0,0,0,0,0,0,0,0,0,0,0,None,0,0,0,0,0,0,6,9
935,0,1,0,0,0,0,0,0,0,0,0,0,0,0,0,2,2,0,0,0,0,0,0,0,0,Challenged,0,0,0,0,0,0,0,9
937,0,0,0,0,0,0,0,0,0,0,0,0,0,0,0,0,0,0,0,0,0,0,0,0,0,None,0,0,0,0,0,0,0,9
4809,0,0,0,0,0,0,0,0,0,0,0,0,0,0,0,0,0,0,0,0,0,0,0,0,0,None,0,0,0,0,0,0,0,9
1108,0,0,0,0,0,0,0,0,0,0,0,0,0,0,0,2,2,0,0,2,2,0,0,0,0,Challenged,0,1,0,0,0,0,0,10
2345,0,0,0,0,0,0,0,0,0,0,0,0,0,0,0,0,0,0,0,1,1,0,0,0,0,None,0,0,0,0,0,0,0,10
3528,1,0,0,0,0,0,0,0,0,0,0,0,0,0,0,2,2,0,0,0,0,1,1,0,0,Challenged,0,0,0,0,0,0,0,10
1982,1,0,0,0,0,0,0,0,0,0,0,0,0,0,0,1,1,0,0,0,0,0,0,2,2,Challenged,0,0,0,0,0,0,0,10
2001,0,0,0,0,0,0,0,0,1,0,0,0,0,0,0,0,0,0,0,0,0,0,0,1,1,None,0,0,1,4,0,0,0,10
4959,0,0,0,0,0,0,1,0,0,0,0,0,0,0,0,1,1,0,0,1,1,2,2,0,0,Challenged,0,0,2,2,0,0,0,10
5082,0,0,0,0,0,0,0,0,0,0,0,0,0,0,0,0,0,0,0,0,0,0,0,0,0,None,0,0,0,0,0,0,0,10
1802,0,0,0,0,0,0,0,0,0,0,0,0,0,0,0,0,0,0,0,0,0,0,0,0,0,None,1,1,0,0,0,0,0,11
2335,0,0,0,0,0,0,0,0,0,0,0,0,0,0,0,0,0,0,0,0,0,0,0,0,0,None,0,0,0,0,0,0,0,11
5189,0,0,0,0,0,0,0,0,0,0,0,0,0,0,0,3,3,0,0,0,0,0,0,0,0,Challenged,0,0,0,0,0,0,0,11
1777,0,0,0,0,0,0,0,0,0,0,0,0,0,0,0,0,0,0,0,0,0,0,0,0,0,Challenged,0,0,0,0,0,0,0,11
2357,0,0,0,0,0,0,0,0,0,0,5,5,0,0,0,0,0,0,0,0,0,0,0,0,0,Challenged,0,0,2,2,0,0,0,11
4522,0,0,0,0,0,0,0,0,0,0,0,0,0,0,0,3,3,0,0,0,0,0,0,0,0,Challenged,1,1,4,4,0,0,0,11
31,0,0,0,0,0,0,0,0,0,0,0,0,0,0,0,0,0,0,0,0,0,0,0,0,0,None,0,0,0,0,0,0,0,12
5268,0,0,0,0,1,0,0,0,0,0,0,0,0,0,0,0,0,0,0,0,0,0,0,0,0,None,0,0,0,0,0,0,0,12
5968,0,0,0,0,1,0,0,0,0,0,0,0,0,0,0,0,0,0,0,0,0,0,0,0,0,None,0,0,0,0,0,0,0,12
1825,0,0,0,0,1,0,0,0,0,0,0,0,0,0,0,2,2,0,0,1,1,0,0,0,0,Challenged,0,0,2,4,0,0,0,12
3172,0,0,0,0,0,0,0,0,0,0,0,0,0,0,0,0,0,0,0,0,0,0,0,0,0,None,0,0,0,0,0,0,0,12
5801,1,0,0,0,0,0,0,0,0,0,0,0,0,0,0,1,1,0,0,1,1,0,0,0,0,Challenged,0,0,1,1,0,0,0,12
1986,0,0,0,0,0,0,0,0,0,0,1,1,0,0,0,2,2,2,2,1,1,0,0,1,1,Challenged,5,5,0,0,0,0,0,13
2001,0,0,0,0,0,0,0,0,0,0,0,0,0,0,0,0,0,0,0,0,0,0,0,0,0,None,0,0,0,0,0,0,0,13
3485,0,0,0,0,0,0,0,0,1,0,0,0,0,0,0,0,0,0,0,0,0,0,0,0,0,None,0,0,0,0,0,0,0,13
1737,0,0,0,0,0,0,0,0,0,0,0,0,0,0,0,0,0,0,0,0,0,0,0,0,0,None,0,0,0,0,0,0,0,13
1847,0,1,0,0,0,0,0,0,0,0,0,0,0,0,0,1,1,2,2,0,0,0,0,0,0,None,0,0,3,3,0,0,0,13
1730,1,0,0,0,0,0,0,0,0,0,0,0,0,0,0,1,1,1,1,4,4,3,3,0,0,None,0,0,0,0,0,0,0,14
2353,0,0,0,0,0,0,0,0,0,0,0,0,0,0,0,0,0,0,0,0,0,0,0,0,0,None,0,0,0,1,0,0,0,14
2353,1,0,0,0,0,0,0,0,0,0,0,0,0,0,0,3,3,0,0,0,0,0,0,0,0,Challenged,0,0,0,0,0,0,0,14
1785,0,1,0,0,0,0,0,0,0,0,0,0,0,0,0,2,2,0,0,0,0,0,0,1,1,None,1,1,0,0,0,0,0,14
1827,0,0,0,0,0,0,0,0,0,0,0,0,0,0,0,0,0,0,0,0,0,0,0,0,0,None,0,0,0,0,0,0,0,14
2560,0,0,0,0,0,0,0,0,1,0,0,0,0,0,0,0,0,0,0,0,0,0,0,1,1,None,0,0,2,2,0,0,0,14
1764,0,0,1,0,0,0,0,0,0,0,0,0,0,0,0,0,0,2,2,2,2,0,0,0,0,Challenged,0,3,1,2,0,0,0,15
1775,0,0,0,1,0,0,0,0,0,0,0,0,0,0,0,2,2,0,0,0,0,0,0,0,0,Challenged,0,0,2,2,0,0,0,15
935,0,1,0,0,0,0,0,0,0,0,0,0,0,0,0,2,2,0,0,0,0,1,1,0,0,None,0,1,0,0,0,0,0,15
1769,0,0,0,0,0,0,0,0,0,0,0,0,0,0,0,0,0,2,2,1,1,1,1,0,0,Challenged,0,0,1,1,0,0,0,15
2345,0,0,0,0,0,1,0,0,0,0,0,0,0,0,0,1,1,1,1,0,0,1,1,0,0,None,0,0,0,0,0,0,0,15
1108,0,0,0,0,0,0,0,0,0,0,0,0,0,0,0,0,0,0,0,0,0,0,0,0,0,None,0,0,0,0,0,0,0,16
1994,0,0,0,0,0,0,0,0,0,0,0,0,0,0,0,0,0,0,0,0,0,0,0,0,0,None,0,0,0,0,0,0,0,16
2167,0,0,0,0,0,0,0,0,0,0,0,0,0,0,0,0,0,0,0,0,0,0,0,0,0,None,0,0,0,0,0,0,0,16
1806,0,0,0,0,0,0,0,0,0,0,0,0,0,0,0,0,0,0,0,2,2,0,0,0,0,None,2,4,0,0,0,0,0,16
3528,1,0,0,0,0,0,0,0,0,0,0,0,0,0,0,1,1,0,0,0,0,0,0,1,1,Challenged,0,0,2,3,0,0,0,16
5119,0,0,0,0,0,0,0,0,0,0,0,0,0,0,0,0,0,0,0,0,0,0,0,1,1,None,0,1,0,0,0,0,0,16
1108,0,0,0,0,0,0,0,0,0,0,0,0,0,0,0,2,2,0,0,0,0,0,0,1,1,Challenged,0,0,0,0,0,0,0,17
1994,0,1,0,0,0,0,0,0,0,0,0,0,0,0,0,2,2,0,0,0,0,0,0,1,1,Challenged,0,0,0,0,0,0,0,17
1984,1,0,0,0,0,0,0,0,0,0,0,0,0,0,0,1,1,0,0,1,1,0,0,0,0,None,0,0,0,0,0,0,0,17
2874,0,0,0,0,0,1,0,0,0,0,0,0,0,0,0,0,0,0,0,2,2,0,0,1,1,None,0,0,0,0,0,0,0,17
2202,0,0,0,0,0,0,0,0,0,0,0,0,0,0,0,0,0,0,0,0,0,0,0,0,0,Challenged,0,1,0,0,0,0,0,18
5082,0,0,0,0,1,0,0,0,0,0,0,0,0,0,0,0,0,1,1,0,0,0,0,0,0,None,0,0,0,0,0,0,0,18
2457,0,0,0,0,0,0,0,0,0,0,0,0,0,0,0,3,3,0,0,2,2,1,1,0,0,None,0,0,0,0,0,0,0,18
4959,0,0,0,0,0,0,0,0,0,0,0,0,0,0,0,0,0,0,0,0,0,1,1,0,0,Challenged,0,0,2,2,0,0,0,18
1810,0,0,0,0,1,0,0,0,0,0,0,0,0,0,0,0,0,0,0,0,0,0,0,1,1,None,0,1,0,0,0,0,0,19
5808,0,0,0,1,0,0,0,0,0,0,0,0,0,0,0,0,0,0,0,0,0,0,0,0,0,None,0,0,0,0,0,0,0,19
5809,0,0,0,0,0,0,0,0,0,0,0,0,0,0,0,0,0,0,0,0,0,0,0,0,0,None,0,0,0,0,0,0,0,19
1763,0,0,0,0,0,0,0,0,0,0,0,0,0,0,0,0,0,0,0,1,1,0,0,0,0,Challenged,0,0,0,0,0,0,0,19
1987,1,0,0,0,0,0,0,0,0,0,1,1,0,0,0,0,0,2,2,2,2,0,0,0,0,Challenged,2,2,0,0,0,0,0,19
2410,0,0,0,0,0,0,0,0,0,0,0,0,0,0,0,0,0,0,0,0,0,0,0,0,0,None,0,0,0,0,0,0,0,19
31,0,0,0,0,0,0,0,0,0,0,0,0,0,0,0,0,0,0,0,0,0,0,0,0,0,None,0,0,0,0,0,0,0,20
5013,0,0,0,0,0,0,0,0,1,0,0,0,0,0,0,1,1,0,0,0,0,0,0,1,1,Challenged,0,0,0,0,0,0,0,20
1939,1,0,0,0,0,0,0,0,0,0,0,0,4,4,0,2,2,0,0,2,2,0,0,0,0,Challenged,0,0,0,0,0,0,0,20
2345,0,0,0,0,0,0,0,0,0,0,0,0,0,0,0,0,0,1,1,0,0,0,0,0,0,Challenged,0,0,0,0,0,0,0,20
2345,0,0,0,0,0,0,0,0,0,0,0,0,0,0,0,0,0,1,1,0,0,0,0,0,0,None,0,0,0,0,0,0,0,20
5126,0,0,0,0,0,0,1,0,0,0,0,0,0,0,0,0,0,2,2,0,0,2,2,0,0,Challenged,0,0,0,0,0,0,0,20
1730,1,0,0,0,0,0,0,0,0,0,0,0,0,0,0,1,1,0,0,1,1,0,0,0,0,Challenged,0,0,5,6,0,0,0,21
2335,0,0,0,1,0,0,0,0,0,0,0,0,0,0,0,0,0,0,0,0,0,0,0,0,0,None,0,1,0,0,0,0,0,21
5730,0,0,0,0,0,0,0,0,1,0,0,0,0,0,0,2,2,0,0,1,1,0,0,1,1,Challenged,0,0,3,3,0,0,0,21
937,0,0,0,0,0,0,0,0,0,0,0,0,0,0,0,0,0,0,0,0,0,0,0,1,1,None,0,0,0,0,0,0,0,21
2346,0,0,0,0,0,0,0,0,0,0,0,0,0,0,0,0,0,0,0,0,0,0,0,0,0,None,0,0,0,0,0,0,0,21
3528,1,0,0,0,0,0,0,0,0,0,0,0,0,0,0,2,2,0,0,3,3,0,0,0,0,Challenged,0,0,1,1,0,0,0,21
5141,0,0,0,0,0,0,0,0,0,1,0,0,0,0,0,0,0,0,0,0,0,1,1,2,2,Challenged,0,0,2,2,0,0,0,21
4809,0,0,0,0,0,0,0,0,0,0,0,0,0,0,0,0,0,0,0,0,0,0,0,0,0,None,0,0,0,0,0,0,0,22
5189,0,0,0,0,0,0,0,0,0,0,0,0,0,0,0,1,1,0,0,0,0,0,0,0,0,None,0,0,0,0,0,0,0,22
1825,0,0,0,0,0,0,0,0,1,0,0,0,0,0,0,0,0,0,0,2,2,0,0,1,1,Challenged,0,0,2,2,0,0,0,22
5968,1,0,0,0,0,0,0,0,0,0,0,0,0,0,0,2,2,0,0,0,0,0,0,0,0,None,0,0,0,0,0,0,0,22
1982,0,0,0,0,0,0,0,0,0,0,0,0,0,0,0,1,1,0,0,0,0,1,1,0,0,None,0,0,0,0,0,0,0,23
2357,1,0,0,0,0,0,0,0,0,0,0,0,0,0,0,0,0,0,0,0,0,1,1,0,0,Challenged,0,0,1,1,0,0,0,23
2357,0,0,0,0,0,0,0,0,0,0,0,0,0,0,0,0,0,1,1,0,0,0,0,0,0,None,0,0,0,0,0,0,0,23
1764,0,0,0,0,0,0,0,0,0,0,0,0,0,0,0,0,0,0,0,0,0,0,0,0,0,Challenged,0,2,2,2,0,0,0,23
2001,0,0,0,0,0,0,0,0,0,0,0,0,0,0,0,2,2,0,0,0,0,0,0,0,0,None,0,0,2,2,0,0,0,23
1827,0,0,0,0,0,0,0,0,0,0,0,0,0,0,0,0,0,1,1,0,0,0,0,0,0,None,0,0,0,0,0,0,0,24
1997,0,0,0,0,0,0,0,0,0,0,0,0,0,0,0,0,0,0,0,0,0,0,0,0,0,None,0,0,0,0,0,0,0,24
1997,0,1,0,0,0,0,0,0,0,0,0,0,0,0,0,1,1,0,0,0,0,0,0,0,0,None,0,1,0,0,0,0,0,24
1984,1,0,0,0,0,0,0,0,0,0,0,0,0,0,0,0,0,0,0,0,0,0,0,0,0,None,0,0,0,4,0,0,0,24
3172,0,0,0,0,0,0,0,0,0,0,0,0,0,0,0,0,0,0,0,2,2,0,0,0,0,Challenged,0,0,0,0,0,0,0,24
5119,0,0,0,0,0,0,0,0,0,1,0,0,0,0,0,0,0,0,0,0,0,0,0,0,0,Challenged,0,0,1,3,0,0,0,24
5801,1,0,0,0,0,0,0,0,0,0,0,0,0,0,0,2,2,0,0,2,2,0,0,0,0,Challenged,0,0,0,0,0,0,0,24
1785,1,0,0,0,0,0,0,0,0,0,0,0,0,0,0,1,1,0,0,0,0,1,1,0,0,Challenged,0,0,2,3,0,0,0,25
1986,0,0,0,0,1,0,0,0,0,0,2,2,0,0,0,1,1,0,0,2,2,1,1,0,0,Scaled,0,0,0,0,0,0,0,25
2164,0,0,0,0,0,0,0,0,0,0,0,0,0,0,0,1,1,0,0,0,0,0,0,1,1,None,0,0,0,0,0,0,0,25
1810,0,0,0,0,0,0,1,0,0,0,0,0,0,0,0,0,0,0,0,0,0,1,1,2,2,None,0,0,1,1,0,0,0,25
4522,0,0,0,0,0,0,0,0,0,0,0,0,0,0,0,0,0,0,0,0,0,0,0,0,0,None,0,0,0,0,0,0,7,25
1777,0,0,0,0,0,0,0,0,0,0,0,0,0,0,0,0,0,0,0,0,0,0,0,0,0,Challenged,1,1,0,0,0,0,0,26
1777,0,0,0,0,0,0,0,0,0,1,0,0,0,0,0,0,0,0,0,0,0,0,0,2,2,Challenged,1,1,0,0,0,0,0,26
1987,1,0,0,0,0,0,0,0,0,0,0,0,0,0,0,4,4,0,0,0,0,0,0,0,0,Challenged,3,3,0,0,0,0,0,26
2202,0,1,0,0,0,0,0,0,0,0,0,0,1,1,0,2,2,0,0,0,0,0,0,0,0,None,0,0,0,0,0,0,0,26
1108,0,0,0,0,0,0,0,0,0,0,0,0,0,0,0,2,2,0,0,0,0,0,0,0,0,None,0,1,0,0,0,0,0,26
5013,0,0,0,0,0,0,1,0,0,0,0,0,0,0,0,0,0,0,0,2,2,0,0,0,0,Challenged,0,0,0,0,0,0,0,26
935,0,0,0,0,0,0,0,0,0,1,0,0,0,0,0,0,0,0,0,0,0,1,1,0,0,Challenged,1,2,0,0,0,0,0,27
1763,0,0,0,0,0,0,0,0,0,0,0,0,0,0,0,0,0,0,0,0,0,0,0,0,0,None,0,0,0,0,0,0,0,27
5098,0,0,0,0,0,0,0,0,0,0,0,0,0,0,0,0,0,0,0,2,2,0,0,2,2,Challenged,0,0,0,0,0,0,0,27
1737,0,0,0,0,0,0,0,0,0,0,0,0,0,0,0,0,0,0,0,0,0,0,0,0,0,None,1,1,0,0,0,0,0,27
2410,0,0,0,0,0,0,0,0,0,1,0,0,0,0,0,0,0,0,0,0,0,0,0,1,1,Challenged,2,5,0,0,0,0,0,27
5918,0,0,0,1,0,0,0,0,0,0,0,0,0,0,0,0,0,0,0,0,0,0,0,1,1,None,0,0,0,0,0,0,0,27
1806,0,0,0,0,0,0,0,0,0,0,0,0,0,0,0,1,1,0,0,0,0,0,0,0,0,None,0,2,0,0,0,0,0,28
1939,0,0,0,0,0,0,0,0,0,0,0,0,0,0,0,0,0,1,1,0,0,0,0,0,0,Challenged,0,0,2,4,0,0,0,28
5268,1,0,0,0,0,0,0,0,0,0,1,1,0,0,0,0,0,0,0,0,0,0,0,0,0,None,0,0,0,0,0,0,0,28
1769,1,0,0,0,0,0,0,0,0,0,0,0,0,0,0,2,2,0,0,2,2,0,0,0,0,None,0,0,1,1,0,0,0,28
1802,0,0,0,0,0,0,0,0,0,0,0,0,0,0,0,0,0,0,0,0,0,0,0,0,0,None,0,0,0,0,0,0,0,28
2560,0,1,0,0,0,0,0,0,0,0,0,0,0,0,0,2,2,0,0,0,0,0,0,0,0,Challenged,0,0,0,0,0,0,0,28
4959,0,0,0,0,0,0,1,0,0,0,0,0,0,0,0,0,0,0,0,1,1,1,1,0,0,Challenged,0,1,0,0,0,0,0,28
4455,0,1,0,0,0,0,0,0,0,0,0,0,0,0,0,2,2,0,0,0,0,0,0,2,2,None,0,0,0,0,0,0,0,29
5126,0,0,0,0,0,0,0,0,0,0,0,0,0,0,0,0,0,0,0,0,0,0,0,0,0,None,0,0,0,0,0,0,0,29
1775,0,0,0,0,1,0,0,0,0,0,0,0,3,3,0,0,0,1,1,1,1,0,0,0,0,Challenged,0,0,0,0,0,0,0,29
1847,1,0,0,0,0,0,0,0,0,0,0,0,0,0,0,1,1,0,0,0,0,0,0,0,0,Challenged,0,0,2,4,0,0,0,29
2353,0,0,0,0,0,0,0,0,0,0,0,0,0,0,0,0,0,0,0,0,0,1,1,0,0,None,0,0,0,0,0,0,0,29
3485,0,0,0,0,0,0,0,0,0,0,0,0,0,0,0,0,0,0,0,0,0,0,0,3,3,None,0,0,0,0,0,0,0,29
5809,0,0,0,0,0,0,0,0,0,0,0,0,0,0,0,0,0,0,0,0,0,0,0,0,0,None,0,0,0,0,0,0,8,29
1769,0,0,0,0,0,0,0,0,1,0,0,0,0,0,0,0,0,2,2,1,1,1,1,1,1,None,0,0,0,0,0,0,0,30
1994,0,1,0,0,0,0,0,0,0,0,0,0,0,0,0,3,3,0,0,0,0,0,0,0,0,None,0,0,0,0,0,0,0,30
5082,0,0,0,0,0,0,0,0,0,0,0,0,0,0,0,0,0,0,0,0,0,0,0,0,0,None,0,0,0,0,0,0,0,30
2001,0,0,0,0,0,0,0,0,0,0,0,0,0,0,0,2,2,0,0,0,0,0,0,2,2,None,0,0,2,2,0,0,0,30
2167,0,0,0,0,0,0,0,0,0,0,0,0,0,0,0,0,0,0,0,0,0,0,0,0,0,None,0,0,0,0,0,0,0,30
1984,0,0,0,0,0,0,0,0,0,0,0,0,0,0,0,0,0,0,0,0,0,0,0,0,0,None,0,0,0,0,0,0,0,31
2335,0,0,0,0,1,0,0,0,0,0,0,0,0,0,0,0,0,0,0,1,1,0,0,0,0,Challenged,0,0,0,1,0,0,0,31
5809,0,0,0,0,0,0,0,0,0,0,0,0,0,0,0,0,0,0,0,0,0,0,0,0,0,None,0,0,0,0,0,0,3,31
2345,0,0,0,0,0,0,0,0,0,0,0,0,0,0,0,0,0,0,0,0,0,1,1,0,0,None,0,0,0,0,0,0,0,31
5013,0,0,0,0,1,0,0,0,0,0,0,0,0,0,0,0,0,0,0,0,0,0,0,0,0,Challenged,0,0,0,0,0,0,0,31
1825,0,0,0,0,0,0,0,0,0,0,0,0,0,0,0,1,1,0,0,0,0,0,0,0,0,None,0,0,0,0,0,0,0,32
1827,0,0,0,0,0,0,0,0,0,0,0,0,0,0,0,0,0,0,0,0,0,0,0,0,0,None,0,0,0,0,0,0,0,32
5141,0,0,0,0,0,1,0,0,0,0,0,0,0,0,0,0,0,0,0,1,1,0,0,2,2,Challenged,0,0,1,1,0,0,0,32
1737,0,0,0,0,0,0,0,0,0,0,0,0,0,0,0,0,0,0,0,0,0,0,0,0,0,None,0,0,0,0,0,0,0,32
1810,0,0,0,0,0,0,0,0,1,0,0,0,0,0,0,0,0,0,0,1,1,0,0,1,1,None,0,0,0,0,0,0,0,32
2164,1,0,0,0,0,0,0,0,0,0,0,0,0,0,0,0,0,0,0,0,0,0,0,0,0,None,0,0,0,0,0,0,0,32
937,0,0,0,0,0,0,0,0,0,0,0,0,0,0,0,0,0,0,0,0,0,0,0,0,0,None,0,0,0,0,0,0,0,33
1939,1,0,0,0,0,0,0,0,0,0,0,0,0,0,0,2,2,0,0,0,0,0,0,0,0,Challenged,0,0,3,3,0,0,0,33
2410,0,0,0,0,0,0,0,0,0,0,0,0,0,0,0,0,0,0,0,0,0,0,0,0,0,None,0,1,0,0,0,0,0,33
2874,0,0,0,0,0,0,0,0,0,0,0,0,0,0,0,0,0,0,0,0,0,0,0,0,0,Challenged,0,0,0,0,0,0,0,33
5801,1,0,0,0,0,0,0,0,0,0,0,0,0,0,0,1,1,0,0,0,0,0,0,0,0,None,0,0,0,0,0,0,0,34
4959,0,0,0,0,0,0,0,0,0,0,0,0,0,0,0,0,0,0,0,0,0,0,0,0,0,None,0,0,0,0,0,0,0,34
5968,1,0,0,0,0,0,0,0,0,0,0,0,0,0,0,1,1,0,0,1,1,0,0,0,0,Challenged,0,0,0,0,0,0,0,34
31,0,0,0,0,0,0,0,0,0,0,0,0,0,0,0,0,0,0,0,1,1,0,0,0,0,None,0,0,0,0,0,0,0,35
1730,0,0,1,0,0,0,0,0,0,0,0,0,0,0,0,2,2,1,1,0,0,0,0,1,1,Challenged,0,0,3,3,0,0,0,35
5119,0,0,0,0,1,0,0,0,0,0,0,0,0,0,0,0,0,0,0,1,1,0,0,0,0,Challenged,0,0,1,1,0,0,0,35
935,0,1,0,0,0,0,0,0,0,0,0,0,0,0,0,2,2,0,0,0,0,2,2,0,0,Challenged,0,2,1,1,0,0,0,35
2202,0,0,0,0,0,1,0,0,0,0,0,0,0,0,0,1,1,0,0,0,0,1,1,1,1,Challenged,0,0,0,0,0,0,0,35
3172,0,0,0,0,0,0,0,0,0,0,0,0,0,0,0,0,0,3,3,0,0,1,1,0,0,Challenged,0,0,0,0,0,0,0,36
4522,0,0,0,0,0,0,0,0,0,0,1,1,0,0,0,0,0,0,0,0,0,0,0,0,0,None,4,5,1,1,0,0,0,36
5082,0,0,0,0,0,0,0,0,0,0,0,0,0,0,0,0,0,0,0,0,0,1,1,0,0,Challenged,0,0,0,0,0,0,0,36
3485,0,0,0,0,0,0,0,0,1,0,0,0,0,0,0,0,0,0,0,0,0,0,0,2,2,Challenged,0,0,0,0,0,0,0,36
4809,0,0,1,0,0,0,0,0,0,0,0,0,0,0,0,0,0,0,0,0,0,1,1,0,0,None,0,1,0,0,0,0,0,36
5126,0,0,0,0,0,0,1,0,0,0,0,0,0,0,0,1,1,0,0,0,0,1,1,0,0,None,0,0,0,0,0,0,0,36
1723,0,0,0,0,0,0,0,0,0,0,0,0,0,0,0,1,1,0,0,0,0,0,0,0,0,None,0,0,0,0,0,0,0,37
2167,0,0,0,0,0,0,0,0,0,0,0,0,0,0,0,0,0,0,0,0,0,2,2,0,0,Challenged,0,0,0,0,0,0,0,37
5912,0,0,0,0,0,0,0,1,0,0,0,0,0,0,0,0,0,0,0,0,0,1,1,0,0,None,0,0,0,0,0,0,0,37
1777,0,0,0,1,0,0,0,0,0,0,0,0,0,0,0,0,0,0,0,0,0,0,0,0,0,None,0,0,0,0,0,0,0,37
1785,1,0,0,0,0,0,0,0,0,0,0,0,0,0,0,0,0,0,0,0,0,0,0,0,0,Challenged,0,0,2,3,0,0,0,37
4455,0,0,0,0,0,0,0,0,1,0,0,0,0,0,0,0,0,1,1,1,1,1,1,2,2,Challenged,0,0,0,0,0,0,0,37
1108,0,0,0,0,0,0,0,0,1,0,0,0,0,0,0,0,0,0,0,0,0,0,0,1,1,None,1,2,0,0,0,0,0,38
1847,0,0,0,0,0,1,0,0,0,0,0,0,0,0,0,0,0,0,0,1,1,0,0,0,0,None,0,0,1,1,0,0,0,38
5268,1,0,0,0,0,0,0,0,0,0,0,0,0,0,0,1,1,0,0,0,0,0,0,0,0,Challenged,1,4,0,0,0,0,0,38
1806,0,0,0,0,0,0,0,0,1,0,0,0,0,0,0,2,2,0,0,1,1,0,0,0,0,None,0,0,1,1,0,0,0,38
2353,0,0,0,0,0,0,0,0,0,0,0,0,0,0,0,0,0,0,0,0,0,0,0,0,0,None,0,0,0,0,0,0,0,38
2357,1,0,0,0,0,0,0,0,0,0,0,0,0,0,0,3,3,1,1,2,2,3,3,1,1,None,0,0,2,3,0,0,0,38
1982,0,0,0,0,0,0,0,0,0,0,0,0,0,0,0,0,0,1,1,0,0,0,0,0,0,None,0,0,0,0,0,0,0,39
1986,0,0,1,0,0,0,0,0,0,0,1,1,0,0,0,0,0,1,1,0,0,0,0,2,2,Challenged,2,5,0,0,0,0,0,39
3528,0,1,0,0,0,0,0,0,0,0,0,0,0,0,0,0,0,0,0,0,0,0,0,0,0,None,0,0,0,0,0,0,0,39
1763,0,0,0,0,0,0,0,1,0,0,0,0,0,0,0,0,0,0,0,0,0,2,2,1,1,Challenged,0,0,1,1,0,0,0,39
5098,0,0,0,0,0,0,0,0,1,0,0,0,0,0,0,0,0,0,0,0,0,1,1,1,1,Challenged,0,0,0,0,0,0,0,39
5189,0,0,0,0,0,0,0,0,0,0,0,0,0,0,0,2,2,0,0,0,0,0,0,0,0,Challenged,0,0,0,0,0,0,0,39
2335,0,0,0,0,0,0,0,0,0,0,0,0,0,0,0,0,0,0,0,0,0,0,0,0,0,None,0,0,0,0,0,0,0,40
2457,0,0,0,0,0,0,0,0,0,0,1,1,0,0,0,2,2,0,0,2,2,0,0,0,0,Challenged,0,0,0,0,0,0,0,40
2874,0,0,0,0,0,0,0,0,1,0,0,0,0,0,0,0,0,0,0,0,0,0,0,0,0,Challenged,0,0,0,0,0,0,0,40
31,0,0,0,1,0,0,0,0,0,0,0,0,0,0,0,0,0,1,1,1,1,0,0,0,0,None,1,1,0,0,0,0,0,40
1987,1,0,0,0,0,0,0,0,0,0,1,1,0,0,0,1,1,1,1,0,0,0,0,0,0,Challenged,2,2,0,0,0,0,0,40
5730,0,0,0,0,0,0,1,0,0,0,0,0,0,0,0,0,0,2,2,2,2,4,4,0,0,Challenged,0,0,1,1,0,0,0,40
937,0,0,0,0,0,0,0,0,0,0,0,0,0,0,0,0,0,0,0,0,0,0,0,0,0,None,0,0,0,0,0,0,0,41
1997,0,0,0,0,0,0,0,0,0,0,0,0,0,0,0,1,1,0,0,0,0,0,0,0,0,Challenged,0,0,0,0,0,0,0,41
2410,0,0,0,0,0,0,0,1,0,0,0,0,0,0,0,0,0,0,0,0,0,2,2,0,0,None,0,2,0,0,0,0,0,41
1825,1,0,0,0,0,0,0,0,0,0,0,0,0,0,0,1,1,0,0,1,1,0,0,0,0,Challenged,0,0,0,0,0,0,0,41
2001,0,0,0,0,0,0,0,0,1,0,0,0,3,3,0,2,2,0,0,0,0,0,0,1,1,Challenged,0,0,0,0,0,0,0,41
5013,0,0,0,0,0,0,0,0,0,0,0,0,0,0,0,0,0,0,0,1,1,0,0,4,4,Challenged,0,0,0,0,0,0,0,41
5082,0,0,0,0,0,0,0,0,0,0,0,0,0,0,0,0,0,0,0,0,0,0,0,0,0,Challenged,0,0,1,1,0,0,0,41
1730,0,1,0,0,0,0,0,0,0,0,0,0,0,0,0,0,0,0,0,0,0,0,0,2,2,None,2,3,0,0,0,0,0,42
2167,0,0,0,0,0,0,0,0,0,0,0,0,0,0,0,0,0,0,0,0,0,0,0,0,0,None,0,0,0,0,0,0,0,42
5809,0,0,0,0,0,0,0,0,0,0,0,0,0,0,0,0,0,0,0,1,1,0,0,0,0,None,0,0,1,2,0,0,0,42
1984,0,0,0,0,0,0,0,0,0,0,0,0,0,0,0,0,0,0,0,0,0,0,0,0,0,None,0,0,0,0,0,0,0,42
4522,0,0,0,0,0,0,0,0,0,0,0,0,0,0,0,0,0,0,0,1,1,0,0,0,0,Challenged,1,3,0,0,0,0,0,42
935,0,0,0,0,0,0,0,1,0,0,0,0,0,0,0,0,0,0,0,1,1,3,3,0,0,Challenged,0,0,0,0,0,0,0,43
1847,1,0,0,0,0,0,0,0,0,0,0,0,0,0,0,2,2,0,0,1,1,1,1,0,0,None,0,0,0,0,0,0,0,43
2560,0,0,0,0,0,0,0,0,1,0,0,0,0,0,0,1,1,0,0,0,0,0,0,1,1,None,0,0,0,0,0,0,0,43
1777,0,0,0,0,0,0,0,1,0,0,0,0,0,0,0,0,0,0,0,0,0,2,2,0,0,Challenged,0,1,0,0,0,0,0,43
2164,0,0,0,0,0,0,0,0,0,0,0,0,0,0,0,0,0,0,0,0,0,0,0,0,0,Challenged,0,0,0,0,0,0,0,43
5968,0,0,0,0,0,0,0,0,0,0,0,0,0,0,0,0,0,0,0,2,2,0,0,0,0,None,0,0,0,0,0,0,0,43
1108,0,0,0,0,0,0,0,0,0,0,2,2,0,0,0,1,1,0,0,0,0,0,0,0,0,None,0,0,0,0,0,0,0,44
4455,0,0,0,0,0,0,0,0,0,1,0,0,0,0,0,0,0,0,0,0,0,0,0,0,0,None,0,0,0,0,0,0,0,44
5918,0,0,0,0,0,0,0,0,0,0,0,0,0,0,0,0,0,0,0,0,0,0,0,0,0,None,0,0,0,0,0,0,0,44
1827,0,0,0,0,0,0,0,0,0,0,0,0,0,0,0,0,0,0,0,0,0,0,0,0,0,Challenged,0,0,0,0,0,0,0,44
5189,1,0,0,0,0,0,0,0,0,0,0,0,0,0,0,5,5,0,0,1,1,0,0,0,0,Challenged,0,0,0,0,0,0,0,44
5801,0,0,0,0,0,0,0,0,0,0,0,0,0,0,0,0,0,0,0,0,0,0,0,2,2,None,0,0,0,0,0,0,0,44
1806,0,0,0,0,0,0,0,0,0,0,0,0,0,0,0,0,0,0,0,0,0,0,0,0,0,Challenged,0,0,5,5,0,0,0,45
1986,0,0,0,0,0,0,0,0,0,0,3,3,1,1,0,1,1,0,0,0,0,0,0,0,0,Scaled,0,0,0,0,0,0,0,45
2457,0,0,0,1,0,0,0,0,0,0,0,0,0,0,0,0,0,2,2,0,0,0,0,0,0,Challenged,0,0,1,1,0,0,0,45
1775,0,0,0,0,0,0,0,0,0,0,0,0,0,0,0,0,0,0,0,0,0,0,0,2,2,Challenged,0,0,2,2,0,0,0,45
1994,1,0,0,0,0,0,0,0,0,0,0,0,0,0,0,3,3,0,0,0,0,0,0,0,0,None,0,0,0,0,0,0,0,45
5126,0,0,0,0,0,0,0,0,0,0,0,0,1,1,0,1,1,0,0,0,0,0,0,0,0,Challenged,0,0,0,0,0,0,0,45
1723,0,0,0,0,0,0,0,0,0,0,0,0,0,0,0,0,0,0,0,1,1,0,0,0,0,Challenged,0,0,0,0,0,0,0,46
1764,0,0,0,0,0,0,0,0,0,0,0,0,0,0,0,0,0,0,0,1,1,0,0,1,1,Challenged,0,1,1,1,0,0,0,46
2202,1,0,0,0,0,0,0,0,0,0,3,3,0,1,0,0,0,0,0,0,0,0,0,0,0,Challenged,0,0,0,0,0,0,0,46
3485,0,0,0,0,0,0,0,0,0,0,0,0,0,0,0,0,0,0,0,0,0,0,0,0,0,None,0,0,0,0,0,0,0,46
1987,1,0,0,0,0,0,0,0,0,0,3,3,0,0,0,2,2,0,0,1,1,0,0,0,0,Challenged,0,0,0,0,0,0,0,46
2353,0,0,0,0,0,0,0,0,0,1,0,0,0,0,0,0,0,0,0,0,0,0,0,0,0,None,0,0,0,0,0,0,0,46
3528,0,0,0,0,0,0,0,0,0,0,0,0,0,0,0,0,0,1,1,0,0,0,0,2,2,Challenged,0,0,2,2,0,0,0,46
2345,0,0,0,0,1,0,0,0,0,0,0,0,0,0,0,0,0,2,2,0,0,1,1,0,0,Challenged,0,0,0,0,0,0,0,47
2357,0,0,0,0,0,0,0,0,0,0,0,0,0,0,0,0,0,0,0,0,0,0,0,0,0,Challenged,0,0,2,2,0,0,0,47
5098,0,0,0,0,0,0,0,0,1,0,0,0,0,0,0,0,0,1,1,1,1,0,0,1,1,Challenged,0,0,0,0,0,0,0,47
1939,0,0,0,0,1,0,0,0,0,0,0,0,2,2,0,0,0,0,0,2,2,0,0,0,0,None,0,0,0,0,0,0,0,47
4959,0,0,0,0,1,0,0,0,0,0,0,0,0,0,0,0,0,0,0,0,0,0,0,1,1,None,0,0,1,1,0,0,0,47
1810,1,0,0,0,0,0,0,0,0,0,0,0,0,0,0,2,2,0,0,0,0,0,0,0,0,None,0,0,1,1,0,0,0,48
5119,0,0,0,0,0,0,0,0,0,0,0,0,0,0,0,0,0,0,0,0,0,0,0,0,0,Challenged,0,0,1,1,0,0,0,48
5141,0,0,0,0,0,0,1,0,0,0,0,0,0,0,0,2,2,1,1,0,0,1,1,0,0,Challenged,0,0,2,2,0,0,0,48
1737,0,0,0,0,0,0,0,0,0,0,0,0,0,0,0,0,0,0,0,0,0,0,0,0,0,None,0,0,0,0,0,0,0,48
1769,0,0,0,0,0,0,0,0,0,0,0,0,0,0,0,0,0,0,0,1,1,0,0,0,0,Challenged,0,0,1,1,0,0,0,48
1982,0,0,1,0,0,0,0,0,0,0,0,0,2,2,0,0,0,2,2,0,0,0,0,0,0,Challenged,0,0,0,0,0,0,0,48
5268,1,0,0,0,0,0,0,0,0,0,0,0,0,0,0,0,0,0,0,2,2,0,0,0,0,Challenged,0,0,0,0,0,0,0,48
1802,0,0,0,0,1,0,0,0,0,0,0,0,0,0,0,0,0,0,0,0,0,0,0,0,0,None,0,0,0,0,0,0,0,49
1763,0,0,0,0,0,0,0,1,0,0,0,0,4,4,0,0,0,0,0,0,0,2,2,0,0,Challenged,0,0,0,0,0,0,0,49
1785,0,0,0,0,0,0,0,0,0,0,0,0,1,1,0,0,0,0,0,0,0,3,3,0,0,Challenged,0,0,0,0,0,0,0,49
3172,0,0,0,0,0,0,0,0,0,0,0,0,0,0,0,0,0,0,0,0,0,0,0,0,0,None,0,0,0,0,0,0,0,49
31,0,0,0,0,0,0,0,0,0,0,0,0,0,0,0,1,1,0,0,0,0,0,0,0,0,None,0,0,0,0,0,0,0,50
935,0,0,0,0,0,0,0,0,0,0,0,0,0,0,0,0,0,0,0,1,1,0,0,0,0,Challenged,0,0,0,0,0,0,0,50
1532,0,0,0,0,0,0,0,0,0,0,0,0,0,0,0,2,2,0,0,0,0,0,0,0,0,Challenged,0,0,0,0,0,0,0,50
2164,1,0,0,0,0,0,0,0,0,0,0,0,0,0,0,0,0,0,0,0,0,0,0,0,0,None,0,0,1,1,0,0,0,50
1994,1,0,0,0,0,0,0,0,0,0,0,0,0,0,0,2,2,0,0,0,0,0,0,0,0,Challenged,0,0,0,0,0,0,0,50
5809,0,0,0,0,1,0,0,0,0,0,0,0,0,0,0,0,0,0,0,0,0,0,0,0,0,Challenged,0,0,0,0,0,0,0,50
2410,0,0,0,0,0,1,0,0,0,0,0,0,0,0,0,0,0,0,0,0,0,2,2,0,0,Challenged,1,2,0,0,0,0,0,51
5013,0,0,0,0,0,0,0,0,0,0,0,0,0,0,0,1,1,2,2,0,0,0,0,0,0,Challenged,0,0,0,0,0,0,0,51
1806,0,0,0,0,0,0,0,0,0,0,0,0,0,0,0,1,1,1,1,0,0,0,0,0,0,Challenged,0,0,0,0,0,0,0,51
2001,0,0,0,0,0,0,0,0,0,0,0,0,1,1,0,2,2,1,1,0,0,0,0,0,0,Challenged,0,0,0,0,0,0,0,51
4455,0,0,0,0,0,0,0,0,0,0,0,0,0,0,0,0,0,0,0,0,0,0,0,0,0,Challenged,0,0,0,0,0,0,0,51
1827,0,0,0,0,0,0,0,0,0,0,0,0,0,0,0,0,0,0,0,0,0,0,0,0,0,None,0,0,0,0,0,0,0,52
1986,0,0,0,0,0,0,0,0,1,0,1,1,0,0,0,2,2,0,0,3,3,0,0,0,0,Scaled,5,5,0,0,0,0,0,52
5098,0,0,0,0,1,0,0,0,0,0,0,0,0,0,0,0,0,0,0,2,2,1,1,0,0,Challenged,0,0,0,0,0,0,0,52
1723,0,0,0,0,1,0,0,0,0,0,0,0,0,0,0,0,0,0,0,1,1,0,0,0,0,None,0,0,0,0,0,0,0,53
1987,0,0,1,0,0,0,0,0,0,0,0,0,0,0,0,0,0,1,1,4,4,1,1,0,0,Challenged,2,2,0,0,0,0,0,53
2353,0,0,0,0,0,0,0,0,0,0,0,0,0,0,0,0,0,0,0,0,0,0,0,0,0,None,0,0,0,0,0,0,0,53
4522,0,0,0,0,0,0,0,0,0,0,0,0,0,0,0,0,0,0,0,0,0,0,0,0,0,Challenged,1,3,0,0,0,0,0,53
1997,0,1,0,0,0,0,0,0,0,0,0,0,0,0,0,2,2,0,0,1,1,0,0,0,0,Challenged,0,0,0,0,0,0,0,53
2345,0,0,0,0,0,0,0,0,0,0,0,0,0,0,0,0,0,0,0,0,0,0,0,0,0,None,0,0,0,0,0,0,0,53
2345,0,0,0,0,1,0,0,0,0,0,0,0,0,0,0,0,0,0,0,2,2,0,0,2,2,Challenged,0,0,0,0,0,0,0,53
2457,0,0,0,0,0,0,0,1,0,0,0,0,0,0,0,1,1,0,0,0,0,2,2,1,1,Challenged,2,2,0,0,0,0,0,53
3528,0,0,0,0,0,0,0,0,0,0,0,0,0,0,0,0,0,0,0,0,0,0,0,0,0,Challenged,0,0,1,1,0,0,0,54
1847,0,0,0,0,0,0,0,0,0,0,0,0,0,0,0,0,0,0,0,0,0,0,0,0,0,None,0,0,0,0,0,0,0,54
1939,0,0,0,0,0,0,0,0,0,0,0,0,0,0,0,0,0,0,0,0,0,1,1,0,0,Challenged,0,0,1,1,0,0,0,54
4809,0,0,0,0,0,0,0,0,0,0,0,0,0,0,0,0,0,0,0,0,0,0,0,0,0,None,0,0,0,0,0,0,0,54
2874,0,0,0,0,0,1,0,0,0,0,0,0,0,0,0,0,0,2,2,2,2,1,1,0,0,None,0,0,0,0,0,0,0,55
5268,0,0,0,0,0,0,0,0,0,0,0,0,0,0,0,0,0,0,0,0,0,0,0,1,1,None,0,0,0,0,0,0,9,55
5968,1,0,0,0,0,0,0,0,0,0,0,0,0,0,0,1,1,0,0,0,0,0,0,0,0,Challenged,0,0,0,0,0,0,0,55
2202,0,1,0,0,0,0,0,0,0,0,0,0,0,0,0,2,2,0,0,0,0,0,0,0,0,None,1,3,0,0,0,0,0,55
5141,0,0,0,0,0,0,0,0,1,0,0,0,2,2,0,0,0,0,0,1,1,0,0,3,3,Challenged,0,0,0,0,0,0,0,55
1769,0,0,0,0,0,0,0,0,0,0,0,0,0,0,0,0,0,0,0,0,0,0,0,2,2,Challenged,0,0,1,1,0,0,0,56
1737,0,0,0,1,0,0,0,0,0,0,0,0,0,0,0,0,0,1,1,0,0,0,0,0,0,None,0,0,0,0,0,0,0,57
5801,1,0,0,0,0,0,0,0,0,0,0,0,0,0,0,1,1,0,0,0,0,1,1,0,0,Challenged,0,0,1,1,0,0,0,57
1730,1,0,0,0,0,0,0,0,0,0,0,0,0,0,0,1,1,0,0,2,2,2,2,0,0,None,0,0,1,1,0,0,0,57
5082,0,0,0,0,0,0,0,0,0,0,0,0,0,0,0,0,0,0,0,0,0,0,0,0,0,None,0,0,0,0,0,0,0,57
1108,0,0,0,0,0,0,1,0,0,0,0,0,0,0,0,0,0,0,0,0,0,0,0,0,0,Challenged,1,1,0,0,0,0,0,58
1108,0,0,0,0,0,0,1,0,0,0,1,1,0,0,0,0,0,0,0,0,0,1,1,0,0,Challenged,0,0,0,0,0,0,0,58
1810,0,0,0,0,0,0,0,0,0,0,0,0,0,0,0,0,0,0,0,0,0,1,1,0,0,Challenged,0,1,1,2,0,0,0,58
3172,0,0,0,0,0,1,0,0,0,0,0,0,0,0,0,0,0,0,0,2,2,0,0,0,0,Challenged,0,0,0,0,0,0,0,58
5918,0,0,1,0,0,0,0,0,0,0,0,0,0,0,0,0,0,1,1,0,0,0,0,0,0,Challenged,0,0,0,0,0,0,0,58
1785,1,0,0,0,0,0,0,0,0,0,0,0,0,0,0,1,1,2,2,0,0,0,0,0,0,Challenged,0,0,5,6,0,0,0,59
5119,0,0,0,0,0,0,0,0,0,0,0,0,0,0,0,0,0,0,0,0,0,1,1,0,0,Challenged,0,0,1,1,0,0,0,59
1982,1,0,0,0,0,0,0,0,0,0,0,0,0,0,0,24,24,0,0,0,0,0,0,2,2,Challenged,0,0,0,0,0,0,0,59
2560,0,0,0,0,0,1,0,0,0,0,0,0,0,0,0,0,0,2,2,2,2,0,0,0,0,Challenged,0,0,0,0,0,0,0,59
2001,0,0,0,0,0,0,0,0,0,0,0,0,0,0,0,1,1,0,0,0,0,0,0,0,0,None,0,0,0,0,0,0,0,60
5013,1,0,0,0,0,0,0,0,0,0,0,0,0,0,0,2,2,0,0,0,0,0,0,0,0,Challenged,0,0,0,0,0,0,0,60
1827,0,0,0,0,0,0,0,0,0,0,0,0,0,0,0,0,0,1,1,0,0,0,0,0,0,Challenged,0,0,0,0,0,0,0,60
2167,0,0,0,0,0,0,0,0,0,0,0,0,0,0,0,0,0,0,0,0,0,0,0,0,0,Challenged,0,0,0,0,0,0,0,60
5968,0,0,0,0,0,0,0,0,0,0,0,0,0,0,0,2,2,0,0,0,0,0,0,0,0,None,0,0,0,0,0,0,0,61
31,0,0,0,0,0,0,0,0,0,0,0,0,0,0,0,1,1,0,0,0,0,0,0,1,1,Challenged,0,0,0,0,0,0,0,61
5141,0,0,1,0,0,0,0,0,0,0,0,0,0,0,0,0,0,1,1,1,1,0,0,0,0,None,0,0,0,0,0,0,0,61
1737,0,0,0,0,0,0,0,0,0,1,0,0,0,0,0,0,0,0,0,0,0,0,0,0,0,None,0,0,0,0,0,0,0,62
3528,0,1,0,0,0,0,0,0,0,0,0,0,0,0,0,0,0,0,0,1,1,0,0,0,0,Challenged,0,0,0,0,0,0,0,62
5809,0,0,0,0,0,0,0,1,0,0,0,0,0,0,0,0,0,0,0,0,0,0,0,0,0,None,0,0,0,0,0,0,0,62
1994,0,1,0,0,0,0,0,0,0,0,0,0,0,0,0,2,2,0,0,0,0,0,0,0,0,Challenged,0,0,0,0,0,0,0,62
5730,0,0,0,0,0,0,1,0,0,0,0,0,0,0,0,0,0,0,0,1,1,1,1,0,0,Challenged,0,0,2,2,0,0,0,62
1775,0,0,0,0,0,0,0,0,0,0,0,0,0,0,0,2,2,0,0,0,0,0,0,0,0,Challenged,0,0,2,4,0,0,0,63
5082,0,0,0,0,0,0,0,0,0,0,0,0,0,0,0,0,0,0,0,0,0,0,0,0,0,None,0,0,0,0,0,0,4,63
1987,1,0,0,0,0,0,0,0,0,0,2,2,0,0,0,1,1,0,0,0,0,0,0,0,0,Challenged,0,0,0,0,0,0,0,63
5918,0,1,0,0,0,0,0,0,0,0,0,0,0,0,0,2,2,0,0,1,1,0,0,0,0,Challenged,0,0,0,0,0,0,0,63
5098,0,0,0,0,0,0,0,0,0,0,0,0,0,0,0,2,2,2,2,0,0,0,0,0,0,None,0,0,0,0,0,0,0,64
5119,0,0,0,0,1,0,0,0,0,0,0,0,0,0,0,0,0,0,0,1,1,0,0,0,0,Challenged,0,0,3,3,0,0,0,64
2164,1,0,0,0,0,0,0,0,0,0,0,0,0,0,0,1,1,0,0,0,0,1,1,1,1,Challenged,0,0,0,0,0,0,0,64
2345,0,0,0,0,0,0,0,0,1,0,0,0,0,0,0,0,0,0,0,0,0,0,0,2,2,Challenged,0,0,0,0,0,0,0,64
2357,0,0,0,0,0,0,0,0,0,0,0,0,0,0,0,1,1,0,0,0,0,0,0,0,0,Challenged,0,0,1,1,0,0,0,64
4522,0,0,0,0,0,0,0,0,0,0,0,0,0,0,0,2,2,0,0,0,0,0,0,0,0,None,1,1,1,1,0,0,0,64
1984,1,0,0,0,0,0,0,0,0,0,0,0,0,0,0,1,1,0,0,0,0,2,2,0,0,Challenged,0,0,3,3,0,0,0,65
2560,0,0,0,0,0,0,0,0,1,0,0,0,0,0,0,1,1,1,1,0,0,0,0,0,0,Challenged,0,0,1,1,0,0,0,65
1982,0,0,1,0,0,0,0,0,0,0,0,0,0,0,0,2,2,1,1,0,0,0,0,0,0,Challenged,0,0,0,0,0,0,0,65
1825,0,0,1,0,0,0,0,0,0,0,0,0,0,0,0,0,0,0,0,0,0,0,0,0,0,None,0,0,0,0,0,0,0,66
2202,0,0,0,0,1,0,0,0,0,0,0,0,0,0,0,0,0,0,0,0,0,0,0,0,0,Challenged,0,0,0,0,0,0,0,66
2353,0,0,0,0,0,0,0,0,0,0,0,0,0,0,0,0,0,0,0,0,0,0,0,0,0,Challenged,0,0,0,0,0,0,0,66
1986,1,0,0,0,0,0,0,0,0,0,0,0,0,0,0,3,3,0,0,0,0,0,0,0,0,Challenged,4,5,0,0,0,0,0,66
2335,0,0,0,0,0,0,0,0,1,0,0,0,0,0,0,0,0,0,0,2,2,2,2,2,2,None,0,0,0,0,0,0,0,67
