868,1,1,0,0,0,0,0,0,0,0,0,0,0,0,0,0,0,0,0,0,0,0,0,0,0,0,0,0,0,0,0,0,0,1,2
3010,0,0,0,0,0,0,0,0,0,0,0,0,0,0,0,0,0,1,1,0,0,0,0,0,0,1,0,0,3,3,3,4,0,11,16
5809,0,0,0,0,0,0,0,0,1,1,0,0,0,0,0,0,0,0,0,0,0,0,0,1,1,1,0,0,2,2,0,1,0,11,10
868,1,1,0,0,0,0,0,0,0,0,0,0,0,0,0,1,1,2,2,0,0,0,0,0,0,1,5,5,0,0,11,12,0,11,42
1939,0,0,0,0,0,1,0,0,0,0,0,0,0,0,0,1,1,0,0,1,2,0,0,2,2,0,0,0,0,2,7,7,0,11,26
3492,0,0,2,2,0,0,0,0,0,0,0,0,0,0,12,1,1,1,1,1,1,0,0,0,0,0,0,0,1,1,10,22,0,11,56
4028,0,0,0,0,0,0,0,0,0,0,0,0,0,0,0,0,0,0,0,0,0,5,5,0,0,2,0,0,2,2,5,7,0,12,28
3814,0,0,0,0,0,0,0,0,1,1,0,0,0,0,0,0,0,0,0,0,0,0,0,3,3,2,0,0,1,1,0,2,0,12,14
3484,0,0,0,0,0,0,0,0,0,0,0,0,0,0,0,2,2,1,1,0,0,2,2,0,0,0,0,0,1,1,15,15,0,12,42
1708,0,0,0,0,0,0,0,0,0,1,0,0,0,0,0,3,3,0,0,0,0,0,0,0,2,0,0,0,2,2,15,15,0,12,43
3324,0,0,0,0,1,1,0,0,0,0,0,0,0,0,4,0,0,2,2,1,1,1,3,0,0,0,0,0,0,0,9,13,0,12,38
451,0,0,0,0,0,1,0,0,0,0,0,0,0,0,0,0,0,0,5,0,2,0,0,0,0,1,0,0,0,0,0,1,0,13,10
2016,0,0,0,0,0,0,0,0,1,1,0,0,0,0,0,1,1,1,1,1,1,0,0,1,1,1,0,0,1,4,10,11,0,13,37
4115,1,1,0,0,0,0,0,0,0,0,0,0,0,0,0,0,0,1,1,1,1,0,0,0,0,0,0,0,0,0,5,5,0,13,16
3777,0,0,0,0,0,1,0,0,0,0,0,0,0,0,0,1,1,0,0,2,2,0,0,0,0,0,0,0,2,2,9,9,0,13,29
2603,1,1,0,0,0,0,0,0,0,0,0,0,0,0,0,0,0,0,0,0,0,0,0,0,0,0,0,0,4,5,0,0,0,13,11
3201,0,0,0,0,0,0,0,0,1,1,0,0,0,0,0,0,0,0,0,0,0,0,0,0,0,0,0,0,0,0,0,0,0,14,2
1038,0,0,0,0,0,0,1,1,0,0,0,0,0,0,2,0,0,0,0,0,0,0,0,0,0,0,0,0,0,0,0,2,0,15,6
3266,0,0,0,0,0,0,0,0,0,0,0,0,0,0,0,0,0,0,0,0,0,0,0,0,0,0,0,0,1,1,0,0,0,16,2
554,0,0,0,0,0,0,0,0,0,0,0,0,0,0,0,0,0,0,0,0,0,1,1,0,0,0,0,0,0,0,1,1,0,16,4
120,0,0,0,0,0,0,0,0,0,0,0,0,0,0,0,2,2,0,0,0,0,0,0,0,0,0,3,3,0,0,10,10,0,1,30
3324,4,4,1,1,3,3,4,4,9,9,10,26,12,12,26,1,1,2,2,1,1,1,1,1,1,1,0,0,2,2,14,41,0,1,200
868,0,0,0,0,0,0,1,1,0,0,0,0,0,0,2,0,0,0,0,1,1,2,2,0,0,1,4,5,0,1,4,7,0,1,32
451,0,0,0,0,1,1,7,9,0,0,3,4,0,0,18,0,0,0,0,0,0,0,0,0,0,0,0,0,0,0,0,18,0,1,61
5492,0,0,0,0,0,0,0,0,0,0,0,0,0,0,0,1,1,0,0,0,0,0,0,0,0,2,0,0,4,4,5,7,0,1,24
5811,0,0,0,0,0,0,0,0,0,2,0,0,0,0,0,4,4,1,1,1,1,4,4,2,2,0,0,0,2,2,29,29,0,1,88
4145,0,2,0,0,0,2,0,0,1,1,0,0,0,0,0,2,2,0,0,2,2,0,0,1,1,0,1,1,0,0,14,14,0,2,46
3010,0,0,0,0,0,0,0,0,1,1,0,0,0,0,0,0,0,0,0,0,0,0,0,1,1,2,3,5,0,0,0,2,0,2,16
4085,1,1,3,3,2,2,2,2,0,0,1,3,0,0,30,0,0,0,0,1,2,0,0,0,0,1,3,17,0,0,2,33,0,2,109
5413,0,0,0,0,0,0,1,1,0,0,0,0,0,0,2,0,0,0,0,0,0,3,3,0,0,1,4,4,0,0,3,6,0,2,28
3260,0,0,0,0,0,0,0,0,1,1,0,0,0,0,0,0,0,0,0,0,0,0,0,2,4,0,3,5,1,1,0,0,0,2,18
1249,0,0,0,0,0,0,0,0,0,0,0,0,0,0,0,0,0,0,0,0,0,0,0,0,0,0,0,1,0,0,0,0,0,3,1
5809,0,0,0,0,0,0,0,0,0,0,0,0,0,0,0,0,0,0,1,0,0,2,2,0,0,0,0,0,1,1,2,2,0,3,11
1308,0,0,0,0,0,0,0,0,1,1,0,0,0,0,0,3,3,0,0,0,0,0,0,1,1,1,0,1,0,0,15,16,0,3,43
4115,0,0,0,1,0,0,0,0,0,0,0,0,0,0,0,0,0,2,2,0,0,0,0,0,0,1,0,3,0,0,6,7,0,3,22
3201,0,0,0,0,0,0,0,0,1,1,0,0,0,0,0,1,1,1,5,0,0,0,0,3,3,0,1,1,0,0,8,8,0,3,34
337,0,0,0,0,0,0,1,1,0,0,0,0,0,0,2,1,1,0,0,2,2,0,0,0,0,2,0,0,4,5,9,13,0,4,43
2408,0,0,0,1,0,0,0,0,0,0,0,0,0,0,0,0,0,0,0,0,0,0,0,0,0,0,0,0,0,0,0,0,0,4,1
279,0,0,0,0,1,1,0,0,0,0,0,0,0,0,4,0,0,0,0,0,0,0,0,1,2,1,1,1,0,0,0,5,0,4,17
554,0,0,0,1,0,0,0,0,0,0,0,0,0,0,0,0,0,0,0,0,0,0,0,0,0,0,0,0,0,0,0,0,0,4,1
5749,0,0,0,0,0,0,0,0,0,0,0,0,1,1,0,0,0,0,0,0,0,0,0,0,0,0,0,0,0,0,0,0,0,5,2
128,0,0,0,0,0,0,0,0,0,0,0,0,0,0,0,0,0,0,0,1,1,0,0,0,0,0,0,0,0,0,2,2,0,5,6
5667,0,0,0,0,0,0,0,0,0,0,0,0,0,0,0,1,1,0,0,1,1,0,0,0,0,0,0,0,0,0,7,7,0,5,18
3821,0,0,0,0,0,0,0,0,0,0,0,1,0,0,0,0,0,0,0,0,0,0,0,0,0,0,0,0,0,0,0,0,0,27,1
2408,0,0,0,1,0,0,0,0,0,0,0,0,0,0,0,0,0,0,0,0,0,0,0,0,1,0,0,0,0,0,0,0,0,27,2
4115,0,1,0,0,0,0,0,0,0,0,0,0,0,0,0,0,0,0,0,0,0,1,1,0,0,1,0,1,0,1,1,2,0,27,9
4920,0,0,0,0,0,0,0,0,0,0,0,0,0,0,0,3,3,0,0,0,0,0,0,0,0,0,2,4,1,3,15,15,0,27,46
63,0,0,0,0,0,0,0,1,0,0,0,0,0,0,0,0,0,0,0,0,0,1,2,0,2,2,0,0,1,3,1,3,0,27,16
3504,0,0,1,1,0,0,0,0,0,0,0,0,0,0,6,0,0,1,1,1,1,1,1,0,0,1,0,0,4,4,6,13,0,28,42
3010,0,0,0,0,1,1,0,0,0,0,0,0,0,0,4,0,0,0,0,1,1,0,0,0,1,2,1,1,0,0,2,8,0,28,23
120,1,1,0,0,0,0,0,0,0,0,0,1,0,0,0,5,5,0,0,0,0,0,0,0,1,1,3,4,0,0,25,26,0,28,73
4256,0,0,0,0,0,0,0,0,0,0,0,0,0,0,0,1,1,0,0,0,0,2,2,1,3,1,2,2,0,0,7,8,0,28,30
1708,1,1,0,0,0,0,0,0,0,5,0,0,0,0,0,3,4,0,0,2,2,0,0,0,0,1,0,0,2,4,19,20,0,28,64
1939,0,0,0,0,1,1,0,0,0,0,0,0,0,0,4,0,0,0,0,2,2,1,1,1,1,0,0,0,3,3,5,9,0,29,34
3324,0,0,0,0,0,0,0,1,0,0,0,0,0,0,0,0,0,0,0,0,0,2,2,0,0,0,0,0,2,2,2,2,0,29,13
1985,1,1,0,0,0,0,0,0,0,0,0,0,0,0,0,4,4,2,2,1,1,0,2,0,2,1,0,0,0,1,28,29,0,29,79
554,0,0,0,0,0,0,1,1,0,0,0,0,0,0,2,0,0,1,1,1,1,2,2,0,0,0,0,0,0,0,7,9,0,29,28
337,0,0,0,0,1,1,0,0,0,0,0,0,0,0,4,0,0,0,0,1,1,0,0,2,2,0,0,0,1,2,2,6,0,29,23
2040,0,0,0,0,1,1,0,0,0,0,0,0,0,0,4,0,0,1,1,1,1,0,0,0,0,0,2,3,0,0,5,9,0,30,29
4213,1,1,0,0,0,0,0,0,0,0,0,1,0,0,0,4,4,0,0,0,0,0,0,0,0,0,6,6,0,0,20,20,0,30,63
1308,0,0,0,1,0,0,0,0,0,0,0,0,0,0,0,1,1,3,3,2,2,3,3,0,2,1,0,0,0,1,21,22,0,30,66
6084,0,0,0,0,0,0,0,0,0,0,0,0,0,0,0,0,0,2,2,0,0,0,0,4,5,0,0,0,0,0,6,6,0,30,25
2603,0,0,0,0,0,0,0,0,0,1,0,0,0,0,0,1,1,0,0,3,3,0,0,0,3,1,0,0,3,4,11,12,0,30,43
4085,0,0,0,0,1,1,0,0,0,0,0,0,0,0,4,0,0,2,2,0,0,0,0,2,2,0,0,1,0,0,6,10,0,31,31
3777,0,0,1,1,0,0,0,0,0,2,0,0,0,0,6,2,2,1,1,0,0,1,1,2,2,1,0,0,3,3,14,21,0,31,64
5492,0,0,0,0,0,0,0,1,0,2,0,0,0,0,0,0,0,1,1,2,2,5,5,0,1,2,2,3,0,0,12,14,0,31,53
2399,5,5,0,0,1,1,0,0,0,6,0,0,0,0,4,1,1,1,1,3,3,2,2,2,2,1,0,0,0,2,16,21,0,31,80
3266,0,0,0,0,0,0,0,0,0,0,0,0,0,0,0,3,3,1,1,0,0,0,0,0,0,1,1,1,0,0,18,19,0,31,48
3821,0,0,0,0,0,0,0,0,0,0,0,0,0,0,0,0,0,0,0,2,2,0,0,0,0,1,0,0,1,1,4,5,0,32,16
5413,0,0,0,0,1,1,0,2,0,0,0,0,0,0,4,0,0,2,2,2,2,1,1,0,0,2,2,5,0,0,11,17,0,32,55
1014,0,0,0,0,0,0,0,0,0,0,0,0,0,0,0,3,3,0,0,1,1,0,0,1,1,1,1,3,2,2,17,18,0,32,54
4284,0,0,0,1,0,0,0,0,0,0,0,0,0,0,0,0,0,1,4,0,0,0,4,0,0,0,0,0,0,2,3,3,0,32,18
4115,0,0,0,0,1,1,0,0,0,0,0,0,0,0,4,1,1,0,0,1,1,0,0,0,0,1,0,1,0,0,7,12,0,32,31
5811,1,1,0,0,0,0,0,0,0,0,0,0,0,0,0,3,3,1,1,0,0,0,0,1,1,1,0,0,4,7,18,19,0,33,61
5667,1,1,0,0,0,0,0,0,0,0,0,0,0,0,0,1,1,0,0,1,1,1,1,0,0,1,1,1,1,1,8,9,0,33,30
3000,0,0,0,0,0,0,0,0,0,0,0,0,0,0,0,0,0,0,0,1,1,0,0,0,1,2,0,0,2,2,2,4,0,33,15
3201,0,0,0,0,0,0,0,0,1,1,1,1,0,0,0,0,0,0,0,1,2,0,0,1,1,1,1,2,0,0,2,3,0,33,18
3010,0,0,0,0,1,1,0,0,0,0,0,0,0,0,4,0,0,0,0,0,0,0,0,0,0,1,0,3,0,0,0,5,0,33,15
3484,2,2,0,0,0,0,0,0,0,0,0,0,2,2,0,3,3,1,1,0,1,1,1,0,0,1,0,0,2,3,19,20,0,34,64
1038,0,0,1,1,0,0,0,0,0,0,0,0,0,0,6,0,0,2,2,3,4,0,0,0,0,2,2,2,0,0,12,20,0,34,57
868,1,1,0,0,0,0,0,0,0,0,0,0,0,0,0,3,3,0,0,3,3,0,0,0,0,0,5,5,0,0,21,21,0,34,66
279,0,0,0,0,0,0,0,0,0,0,0,0,0,0,0,0,0,0,0,0,0,1,1,0,2,1,0,0,0,0,1,2,0,34,8
3492,0,0,0,0,1,1,0,0,0,0,0,0,0,0,4,0,0,0,0,2,2,2,2,0,0,1,0,0,2,4,6,11,0,35,38
4920,0,0,0,0,0,0,0,0,0,0,0,0,0,0,0,0,1,0,0,0,0,0,0,0,0,1,0,0,2,2,0,1,0,35,7
3504,0,0,0,0,0,0,0,0,1,1,0,0,0,0,0,3,3,0,0,0,0,0,1,4,4,1,0,0,3,3,15,16,0,35,55
245,0,0,0,0,1,1,0,0,0,0,0,0,0,0,4,0,0,0,0,3,3,4,4,0,0,1,0,0,2,3,10,15,0,35,51
3814,0,0,0,0,1,1,0,0,0,0,0,0,0,0,4,0,0,0,0,2,2,0,0,0,0,2,0,0,1,1,4,10,0,35,28
4028,0,0,0,0,0,0,1,1,0,0,0,0,0,0,2,0,0,0,0,2,2,2,2,0,0,1,4,4,0,0,6,9,0,36,36
5749,0,1,0,0,0,0,0,0,0,0,0,0,0,0,0,4,4,0,0,0,0,0,0,0,0,1,0,0,2,3,20,21,0,36,56
2016,0,0,0,0,1,1,0,0,0,0,0,0,0,0,4,2,2,2,2,2,2,0,0,2,2,2,0,0,1,1,20,26,0,36,72
120,1,1,0,0,0,0,0,0,0,0,0,0,0,1,0,2,2,0,0,1,1,0,0,0,0,0,4,6,0,0,12,12,0,36,43
144,0,0,0,0,0,0,0,0,0,0,0,0,0,0,0,0,0,0,0,0,0,0,0,0,0,0,0,0,3,3,0,0,0,36,6
5484,1,1,0,0,0,0,0,0,0,0,0,0,0,0,0,5,5,0,0,0,0,0,0,0,0,1,3,5,0,0,25,26,0,37,72
4256,0,0,0,0,0,0,0,0,0,0,0,0,0,0,0,0,0,1,1,1,2,0,0,0,0,1,2,3,0,0,5,6,0,37,22
451,0,0,0,0,0,6,1,1,0,4,0,0,0,0,2,0,0,1,1,4,4,4,4,5,5,1,0,0,0,0,15,18,0,37,76
128,0,0,0,1,0,0,0,0,0,0,0,0,0,0,0,0,0,2,2,0,0,0,0,2,2,2,0,0,2,2,6,8,0,37,29
2408,0,0,0,0,0,0,0,0,0,0,0,0,0,0,0,0,0,0,0,0,0,1,1,0,0,1,0,0,0,0,1,2,0,38,6
4213,1,1,3,3,0,0,0,0,0,0,1,1,0,0,18,1,1,3,3,0,0,0,0,0,0,1,0,0,0,0,14,33,0,38,84
3000,0,0,0,0,0,0,0,0,0,0,0,0,0,0,0,0,0,0,0,1,1,0,0,0,0,0,1,1,0,0,2,2,0,38,8
6181,0,0,0,0,0,0,1,1,0,0,0,0,0,0,2,0,0,0,0,0,0,1,1,1,1,1,0,0,1,1,1,4,0,39,16
63,0,0,3,3,0,0,1,1,1,1,0,0,3,3,20,1,1,3,3,0,0,0,1,0,0,2,0,0,3,3,14,36,0,39,103
1985,1,1,0,0,0,0,0,0,0,0,0,0,0,0,0,3,3,0,0,2,2,2,2,0,1,1,0,0,1,1,21,22,0,39,63
3324,0,0,0,0,0,0,1,1,0,0,0,2,0,0,2,0,0,0,0,0,0,0,0,0,0,0,0,0,0,0,0,2,0,39,8
4145,1,1,0,0,0,0,0,0,0,0,0,0,0,0,0,1,1,1,1,0,0,0,0,0,0,1,0,0,4,4,8,9,0,39,32
2399,0,0,1,1,0,0,0,0,0,0,0,0,0,0,6,2,2,1,1,0,0,0,0,0,0,0,0,0,3,3,13,19,0,40,52
1038,0,0,0,0,0,1,0,0,0,0,0,0,0,0,0,0,1,0,0,4,4,0,0,0,0,1,2,2,0,0,8,9,0,40,32
279,0,0,0,0,0,0,0,1,0,0,0,0,0,0,0,1,1,3,3,0,0,3,3,2,3,1,0,0,0,0,17,18,0,40,56
48,3,3,3,3,0,0,0,0,0,0,4,5,0,0,18,0,0,0,0,0,0,0,0,0,0,0,0,0,0,0,0,18,0,40,57
2040,0,0,1,1,0,0,0,0,0,0,0,0,0,0,6,0,0,0,0,0,0,0,0,0,0,1,2,2,1,1,0,7,0,40,22
3010,0,0,0,0,0,0,1,1,0,0,0,0,0,0,2,0,0,0,0,0,0,0,0,0,0,0,0,0,0,0,0,2,0,41,6
4284,0,0,0,1,0,0,0,0,0,0,0,0,0,0,0,0,0,1,1,0,0,0,0,0,0,2,0,0,0,0,3,5,0,41,13
2603,1,1,0,0,0,0,0,0,0,0,0,0,0,0,0,3,3,0,0,0,0,0,0,0,1,1,0,1,2,2,15,16,0,41,46
5492,0,0,0,0,0,0,0,0,0,2,0,0,1,1,0,0,0,0,0,0,0,0,1,2,2,0,0,3,2,2,0,0,0,41,16
3504,0,0,0,0,0,0,1,1,0,0,0,0,0,0,2,0,0,2,2,0,0,2,2,0,0,1,0,0,4,4,8,11,0,41,40
3777,0,0,0,0,0,0,0,0,0,0,0,0,0,0,0,2,2,0,0,0,0,0,0,1,1,0,0,0,0,0,10,10,0,42,26
5484,1,1,0,0,0,0,0,0,0,0,0,0,0,0,0,0,0,1,1,0,0,0,0,0,0,1,0,1,0,0,3,4,0,42,13
4028,0,0,0,0,0,0,1,1,0,0,0,0,0,0,2,0,0,0,0,0,0,5,7,5,10,1,5,5,0,0,5,8,0,42,55
4920,0,0,0,0,0,0,0,0,0,0,0,0,0,0,0,2,2,0,0,0,0,0,0,0,0,0,0,0,0,0,10,10,0,42,24
868,0,0,1,1,0,0,0,0,0,0,1,1,0,0,6,0,0,1,1,2,2,2,2,0,0,1,4,4,0,0,9,16,0,42,54
3010,0,2,0,0,0,0,0,0,0,0,0,0,0,0,0,0,0,0,0,0,0,0,0,0,0,0,0,0,0,0,0,0,0,2,2
4115,1,1,0,0,0,0,0,0,0,0,0,0,0,0,0,0,0,0,0,0,0,0,0,0,0,0,0,0,0,0,0,0,0,45,2
337,0,0,0,0,0,0,0,0,0,0,0,0,0,0,0,0,0,0,0,0,0,2,2,1,1,1,0,0,0,0,2,3,0,45,12
3260,0,0,0,0,1,1,0,0,0,0,0,0,0,0,4,0,0,4,4,0,0,1,1,0,0,1,1,6,0,0,13,18,0,45,55
2051,0,0,0,0,0,0,2,5,2,2,0,0,0,0,4,0,0,0,0,0,0,0,0,0,0,0,0,0,0,0,0,4,0,45,19
3266,0,0,1,1,0,0,0,0,0,0,0,0,0,0,6,1,1,1,1,0,0,0,0,0,0,1,0,0,0,1,8,15,0,45,37
3138,0,0,0,0,0,0,1,1,0,0,0,0,0,0,2,0,0,2,2,0,0,0,2,0,0,0,4,4,0,0,6,8,0,46,32
245,0,0,0,0,1,1,0,0,0,0,0,0,0,0,4,0,0,0,0,2,2,1,1,0,0,1,4,5,0,0,5,10,0,46,37
5749,0,1,0,0,0,0,0,0,0,0,0,0,0,0,0,3,4,0,0,0,0,0,0,0,0,1,0,0,2,2,15,16,0,46,44
5811,1,1,0,0,0,0,0,0,0,0,0,0,0,0,0,5,5,1,1,3,3,0,0,1,1,1,0,0,5,5,34,35,0,46,102
128,0,0,0,1,0,0,0,0,0,0,0,0,0,0,0,0,0,2,2,0,0,0,0,0,0,2,0,0,1,2,6,8,0,46,24
1708,1,2,0,0,0,0,0,0,0,0,0,0,0,0,0,1,1,0,0,0,0,1,1,0,0,0,0,0,0,0,6,6,0,47,19
5809,0,0,0,0,1,1,0,0,0,0,0,0,0,0,4,0,0,1,1,2,2,0,0,0,0,1,0,0,1,1,7,12,0,47,34
4920,0,0,0,0,0,0,0,0,0,0,0,0,0,0,0,0,0,1,1,0,0,0,0,0,0,1,0,1,1,1,3,4,0,47,13
554,0,0,0,0,0,1,0,0,0,0,0,0,0,0,0,1,1,2,2,2,2,0,0,0,0,1,0,0,2,2,15,16,0,47,47
2016,0,0,0,0,0,0,0,1,1,1,0,0,0,0,0,0,0,0,0,0,0,2,2,2,3,1,0,0,3,5,2,3,0,47,26
4145,1,1,0,0,0,0,0,0,0,0,1,1,0,0,0,1,1,1,1,0,0,0,0,1,1,0,0,1,1,1,8,8,0,48,29
3821,0,0,0,1,0,0,0,0,0,0,0,0,0,0,0,0,0,1,2,0,0,0,0,0,0,0,0,0,0,0,3,3,0,48,10
5667,0,0,0,0,1,1,0,0,0,0,0,0,0,0,4,0,0,1,1,0,0,0,0,0,0,0,0,0,0,0,3,7,0,48,18
2603,0,0,0,0,0,1,0,0,0,0,0,0,0,0,0,0,0,0,0,2,2,0,0,0,0,1,0,0,4,4,4,5,0,48,23
120,1,1,0,0,0,0,0,0,0,0,0,0,0,0,0,3,3,0,0,0,0,0,0,0,0,1,3,5,0,0,15,16,0,48,48
6185,0,0,0,0,0,0,0,0,0,0,0,0,0,5,0,1,1,0,0,0,0,0,0,0,0,0,0,0,0,0,5,5,0,49,17
279,0,0,0,0,0,0,0,0,0,0,0,0,0,0,0,0,0,0,0,0,0,2,2,2,2,1,0,0,0,0,2,3,0,49,14
1249,0,0,0,0,0,0,0,0,0,0,0,0,0,0,0,0,0,0,0,0,1,0,0,0,1,0,0,0,0,0,0,0,0,49,2
3814,0,0,0,1,0,0,0,0,0,0,0,0,0,0,0,0,0,2,3,0,0,0,0,2,2,2,0,0,3,6,6,8,0,49,35
63,0,0,0,1,0,0,0,0,0,0,0,0,0,0,0,1,1,2,2,0,0,0,0,2,2,2,0,0,3,3,11,13,0,49,43
6181,0,0,0,0,0,0,0,0,0,0,0,0,0,0,0,0,0,0,1,0,0,0,0,0,0,0,0,0,0,0,0,0,0,50,1
3492,0,0,0,0,1,1,0,0,0,1,0,0,0,0,4,0,0,0,0,1,1,0,0,1,1,1,0,0,1,1,2,7,0,50,23
337,0,0,0,0,0,0,1,1,0,0,0,0,0,0,2,0,0,1,1,1,1,2,2,3,3,2,0,0,0,0,7,11,0,50,38
4028,0,0,0,0,1,1,0,0,0,0,0,0,0,0,4,0,0,0,0,1,1,1,1,0,0,1,5,5,0,0,3,8,0,50,32
6084,1,1,0,0,0,0,0,0,0,0,0,0,0,0,0,2,2,0,0,0,0,0,0,0,0,1,0,0,0,0,10,11,0,50,28
3260,0,0,1,1,0,0,0,0,0,0,0,0,0,0,6,1,1,1,1,1,1,0,0,0,0,0,4,4,0,0,10,16,0,51,48
4284,0,0,0,0,0,1,0,0,0,0,0,0,0,0,0,0,0,0,0,3,3,0,0,0,0,1,0,0,0,0,6,7,0,51,21
3138,0,0,0,0,0,0,2,2,3,3,0,1,1,1,4,0,0,0,0,0,0,0,0,0,0,0,0,0,0,0,0,4,0,51,21
451,0,0,1,1,0,0,0,0,0,0,0,0,0,0,6,0,0,1,1,1,1,1,1,2,2,1,0,0,0,0,6,13,0,51,38
128,0,0,0,0,0,0,1,1,2,4,0,0,0,0,2,0,0,1,1,0,0,1,1,0,0,2,0,0,1,1,4,8,0,51,30
1939,0,0,0,0,0,0,1,1,0,0,0,0,0,0,2,1,1,0,0,0,0,1,1,0,0,0,0,0,1,1,6,8,0,52,24
3201,0,0,0,0,1,1,0,0,0,0,0,0,0,0,4,0,0,1,1,2,2,0,0,0,0,1,0,0,2,2,7,12,0,52,36
1708,1,1,0,0,0,0,0,0,0,0,0,0,0,0,0,5,6,0,0,0,0,0,0,4,4,0,0,0,2,2,25,25,0,52,75
1038,0,0,0,0,0,0,0,0,1,2,0,0,0,0,0,0,0,0,0,0,0,1,1,1,1,2,2,2,0,0,1,3,0,52,17
4115,1,1,0,0,0,0,0,0,0,0,0,0,0,0,0,1,1,0,0,0,0,0,0,0,0,1,0,3,0,0,5,6,0,52,19
2040,0,0,0,0,0,0,0,1,0,0,1,1,0,0,0,0,0,0,0,0,0,1,1,0,0,0,0,0,0,0,1,1,0,53,7
1014,1,1,0,0,0,0,0,0,0,0,0,0,0,0,0,1,1,0,0,0,0,2,2,0,0,0,0,1,1,2,7,7,0,53,26
245,0,0,0,0,0,1,0,0,0,0,0,0,0,0,0,0,0,0,0,5,9,0,0,0,0,0,3,5,0,0,10,10,0,53,43
3324,1,1,0,0,0,0,0,0,0,0,0,0,0,0,0,1,1,1,1,0,1,0,0,2,2,1,0,0,6,7,8,9,0,53,42
5809,0,0,1,1,0,0,0,0,0,0,0,0,0,0,6,0,0,1,1,0,1,0,0,0,0,0,0,0,0,1,3,9,0,53,24
5484,1,1,0,0,0,0,0,0,0,0,0,0,0,0,0,2,2,1,1,0,0,0,0,0,0,1,0,0,0,0,13,14,0,54,36
1308,0,0,0,0,2,4,1,3,0,0,0,0,0,0,10,0,0,0,0,0,0,0,0,0,0,0,0,0,0,0,0,10,0,54,30
5492,0,0,0,0,0,1,0,0,0,0,0,0,0,0,0,1,1,0,0,0,0,0,0,0,0,0,0,2,0,0,5,5,0,54,15
3266,0,0,0,0,0,0,0,0,1,1,0,0,0,0,0,1,1,0,0,1,1,0,0,1,1,1,0,0,0,0,7,8,0,54,24
144,0,1,0,0,0,0,0,0,0,0,0,0,3,3,0,2,2,0,0,0,0,0,0,0,0,0,0,0,1,1,10,10,0,55,33
5413,0,0,0,0,1,1,0,0,0,0,0,0,0,0,4,0,0,0,0,0,0,2,2,1,1,1,3,4,0,0,2,7,0,55,29
5811,1,1,0,0,0,0,0,0,0,0,0,0,0,0,0,1,1,1,1,0,0,2,2,0,0,0,0,0,4,5,10,10,0,55,39
3484,0,1,0,0,0,0,0,0,0,0,0,0,1,1,0,6,6,1,1,0,0,0,0,0,0,0,0,1,2,3,33,33,0,55,89
554,0,0,0,0,0,0,0,0,1,1,0,0,0,0,0,2,2,0,0,0,0,0,0,1,1,0,0,0,1,1,10,10,0,55,30
2016,0,0,0,0,0,0,0,1,0,0,0,0,0,0,0,0,0,2,2,0,0,0,0,1,1,0,1,1,0,0,6,6,0,56,21
4085,1,1,0,0,0,0,0,0,0,0,0,0,0,0,0,0,0,0,0,2,5,1,1,0,0,1,0,0,0,1,5,6,0,56,24
2399,0,0,1,1,0,0,0,0,0,0,0,0,0,0,6,1,1,2,2,0,0,1,2,0,0,0,0,0,4,5,12,18,0,56,56
4256,0,0,1,1,0,0,0,0,0,0,0,1,0,0,6,4,4,1,1,1,1,1,1,0,0,0,2,4,0,0,26,32,0,56,87
868,1,1,0,0,0,0,0,0,0,0,1,1,0,0,0,2,2,0,0,0,0,2,2,1,1,0,3,4,3,3,12,12,0,56,51
120,0,0,0,0,0,0,0,0,0,0,1,1,0,0,0,0,0,0,0,0,0,0,0,0,0,0,0,0,0,0,0,0,0,1,2
3324,0,0,0,0,0,0,0,0,0,0,0,0,0,1,0,0,0,0,0,0,0,0,0,0,0,0,0,0,0,0,0,0,0,1,1
4145,1,1,0,0,0,0,0,0,0,0,1,1,0,0,0,1,1,2,2,0,0,0,0,0,0,1,0,1,1,1,11,12,0,59,37
3201,0,0,1,1,3,3,3,3,3,3,0,0,0,1,24,0,0,0,0,0,0,0,0,1,1,0,0,0,0,0,0,24,0,59,71
5492,0,0,0,0,0,0,1,1,0,0,0,0,0,0,2,0,0,0,0,0,0,0,0,0,0,2,1,4,0,0,0,4,0,59,15
2408,0,0,1,1,0,0,0,0,0,0,0,0,0,0,6,0,0,2,2,1,1,0,0,0,0,0,0,1,0,0,8,14,0,59,37
3814,0,0,0,0,0,0,0,1,0,0,0,0,0,0,0,0,0,0,0,1,1,1,1,1,1,1,0,0,0,0,3,4,0,59,15
3010,0,0,0,0,0,1,0,0,0,0,0,0,0,0,0,0,0,1,1,1,1,0,0,1,1,0,1,1,0,0,5,5,0,60,19
4521,0,0,1,3,3,4,1,1,3,3,0,0,3,4,20,0,0,1,1,0,0,0,0,0,0,0,0,0,0,0,3,23,0,60,74
6185,0,0,0,0,0,0,0,0,0,0,0,0,0,0,0,1,2,0,0,0,0,0,0,0,0,0,0,0,0,0,5,5,0,60,13
3266,0,0,0,0,0,0,1,1,0,0,0,0,0,0,2,0,0,2,3,0,0,2,2,1,1,0,0,0,0,0,8,10,0,60,33
4213,1,1,0,0,0,0,0,0,0,0,0,1,0,0,0,1,1,0,0,0,0,0,0,0,0,0,1,5,0,0,5,5,0,60,21
2399,0,0,0,0,0,0,1,1,0,0,0,0,0,0,2,0,0,0,0,1,1,1,1,0,0,0,0,0,2,2,3,5,0,61,20
3260,0,0,1,1,2,2,1,1,1,1,3,4,0,0,16,0,0,0,0,0,0,0,0,0,0,0,0,0,0,0,0,16,0,61,49
2603,1,2,0,0,1,1,0,0,0,0,0,0,1,3,4,0,0,0,0,0,0,0,0,0,0,0,0,0,0,0,0,4,0,61,17
1708,1,1,0,0,0,0,0,0,0,0,0,0,0,0,0,0,0,0,1,0,0,0,0,2,2,0,0,0,0,1,0,0,0,61,8
1014,0,0,0,0,0,0,0,0,0,0,0,0,0,0,0,1,1,1,1,0,0,0,0,0,1,1,0,0,2,2,8,9,0,61,27
1038,0,0,0,0,0,0,0,0,0,0,0,0,0,0,0,0,0,0,0,0,0,1,1,0,0,0,0,0,0,0,1,1,0,62,4
2051,0,0,1,1,0,0,0,0,0,0,0,0,0,0,6,5,5,1,1,0,0,0,0,0,0,0,0,0,0,1,28,34,0,62,83
451,0,0,0,0,0,0,0,0,1,1,0,0,0,0,0,0,0,3,3,2,2,0,0,1,1,1,0,0,0,0,13,14,0,62,42
3504,0,0,0,0,0,0,0,0,1,1,0,0,0,0,0,0,0,1,1,2,2,0,0,1,1,0,0,0,2,2,7,7,0,62,28
5749,1,1,0,0,0,0,0,0,0,0,0,0,0,0,0,2,2,0,0,0,0,0,0,0,0,1,0,0,0,0,10,11,0,62,28
3484,2,2,0,0,0,0,0,0,0,0,0,0,3,3,0,0,0,0,0,0,0,0,0,0,0,0,0,0,0,0,0,0,0,63,10
3492,0,0,0,0,0,0,0,0,1,1,0,0,0,0,0,0,0,1,1,7,7,0,0,3,3,0,0,0,1,2,17,17,0,63,61
1985,0,0,0,0,0,0,0,0,0,0,0,0,0,0,0,1,1,0,2,0,0,2,2,1,1,2,0,0,1,1,7,9,0,63,30
3777,0,0,0,0,0,0,0,0,0,0,0,0,0,0,0,1,1,0,1,3,3,1,1,1,1,0,0,0,5,5,12,12,0,63,47
3138,0,0,0,0,0,0,1,1,0,0,0,0,0,0,2,0,0,0,0,1,1,1,1,0,0,0,1,1,2,2,3,5,0,63,22
4256,0,0,1,1,0,0,0,0,0,0,0,0,0,0,6,0,0,0,0,0,0,0,0,0,0,1,1,1,0,0,0,7,0,64,18
4085,0,1,0,0,0,0,0,0,0,0,0,0,1,1,0,1,2,1,1,0,0,2,2,2,2,0,0,1,0,0,10,10,0,64,37
6181,0,0,1,1,0,0,0,0,0,0,0,0,0,0,6,2,2,2,2,0,1,0,0,0,0,1,1,1,0,0,16,23,0,64,59
144,0,1,0,0,0,0,0,0,0,0,0,0,0,0,0,5,5,0,0,0,0,0,0,0,0,0,0,0,3,3,25,25,0,64,67
5809,0,0,0,0,0,0,0,0,1,1,0,0,0,0,0,0,0,0,0,0,0,2,2,0,0,0,0,0,2,2,2,2,0,64,14
3324,1,1,0,0,0,0,0,0,0,0,0,0,0,0,0,2,2,0,0,0,0,0,0,0,0,0,0,0,4,4,10,10,0,65,34
2016,0,0,0,0,0,0,0,0,0,0,0,0,0,0,0,0,0,2,2,7,7,2,2,0,0,0,3,3,0,0,22,22,0,65,72
1308,0,0,0,0,0,0,0,0,0,2,0,0,0,0,0,0,0,3,3,4,4,2,2,0,0,1,0,0,0,0,19,20,0,65,60
5413,0,0,0,0,0,0,0,0,1,1,0,0,0,0,0,0,0,0,0,2,2,0,0,0,0,0,5,7,0,0,4,4,0,65,26
5667,0,0,0,0,1,1,0,0,0,0,0,0,0,0,4,0,0,0,0,2,2,2,2,0,0,1,0,2,0,0,6,11,0,65,34
868,1,1,0,0,0,0,0,0,0,0,1,1,0,0,0,0,0,1,1,3,3,0,0,0,0,1,5,5,0,0,9,10,0,66,42
128,0,0,0,0,1,1,0,0,0,0,0,0,0,0,4,0,0,0,0,0,0,1,1,4,4,0,0,0,0,2,1,5,0,66,24
4521,0,0,0,0,0,0,1,1,0,0,0,0,0,0,2,0,0,0,0,0,0,2,2,0,0,1,0,0,5,10,2,5,0,66,31
4115,0,0,0,0,1,1,0,0,0,0,0,0,0,0,4,1,1,1,1,1,1,0,0,0,0,0,0,2,0,0,10,14,0,66,38
6084,1,1,0,0,0,0,0,0,0,0,0,0,0,0,0,1,1,0,0,0,0,0,0,0,0,0,0,0,0,0,5,5,0,66,14
5492,1,1,0,0,0,0,0,0,0,0,0,0,0,0,0,0,0,0,0,0,0,0,0,0,0,0,0,0,0,0,0,0,0,1,2
5811,1,1,0,0,0,0,0,0,0,0,3,3,4,4,0,0,0,0,0,0,0,0,0,0,0,0,0,0,0,0,0,0,0,1,16
4028,1,5,0,0,0,0,0,0,0,0,0,0,0,0,0,0,0,0,0,0,0,0,0,0,0,0,0,0,0,0,0,0,0,7,6
63,0,0,0,1,0,0,0,0,0,0,0,0,0,0,0,1,2,1,2,1,1,2,2,5,5,1,0,0,1,1,12,13,0,7,51
1708,1,1,0,0,0,0,0,0,0,0,0,0,1,1,0,1,1,0,0,0,0,1,1,0,0,0,0,0,3,3,6,6,0,7,26
2040,1,1,0,0,0,0,0,0,1,4,0,0,0,0,0,0,0,0,0,0,0,2,2,1,1,0,0,0,3,4,2,2,0,7,24
4521,0,1,1,2,0,0,0,0,0,1,0,0,0,0,6,0,0,0,0,0,0,0,0,0,0,0,0,0,0,0,0,6,0,7,17
48,0,0,0,0,0,0,0,0,0,0,0,0,0,0,0,0,0,0,0,0,0,0,0,0,0,1,0,0,0,0,0,1,0,8,2
4256,0,0,0,0,0,0,0,0,0,0,1,1,0,0,0,0,0,0,0,0,0,0,0,0,0,0,0,0,0,0,0,0,0,8,2
3821,0,0,0,0,0,0,0,0,0,0,0,0,2,5,0,0,0,0,0,0,0,0,0,0,0,0,0,0,0,0,0,0,0,9,7
4115,1,1,0,0,0,0,0,0,0,0,0,0,0,0,0,0,0,0,0,0,0,0,0,0,0,0,0,0,0,0,0,0,0,3,2
2603,0,0,0,0,0,0,2,3,2,2,0,0,2,2,4,0,0,0,0,0,0,2,2,0,0,0,0,0,2,2,2,6,0,8,33
48,1,1,0,0,0,0,0,0,0,0,0,1,0,0,0,4,4,2,2,0,0,4,4,1,1,0,3,3,1,1,30,30,0,8,93
4256,0,0,1,1,1,1,2,2,0,0,0,2,0,0,14,0,0,0,0,0,0,0,0,0,0,0,0,0,0,0,0,14,0,8,38
144,0,1,0,0,0,0,0,0,0,0,0,0,0,0,0,2,2,0,0,0,0,0,0,0,0,0,0,0,1,1,10,10,0,9,27
6084,0,0,0,0,0,0,0,0,0,0,0,0,0,0,0,0,0,0,0,2,2,4,4,0,0,0,0,0,0,0,8,8,0,9,28
1985,1,1,0,0,0,0,0,0,0,0,0,0,0,0,0,2,2,1,1,1,1,0,0,1,1,0,0,0,1,1,15,15,0,9,44
3821,1,1,0,0,0,0,0,0,0,0,0,0,0,0,0,0,0,0,0,1,1,0,0,0,0,0,0,0,0,0,2,2,0,9,8
2399,0,0,0,0,0,0,0,0,5,5,0,0,2,2,0,1,1,0,0,6,6,1,1,5,5,0,0,0,3,3,18,18,0,10,82
337,0,0,0,0,0,1,0,0,0,0,0,0,0,0,0,0,0,0,0,1,2,0,0,0,0,2,0,0,2,2,2,4,0,10,16
1014,0,0,0,0,0,0,0,0,0,0,1,1,0,0,0,2,2,1,1,1,1,0,0,0,0,1,1,1,1,1,15,16,0,10,46
2408,0,0,0,0,1,1,0,0,0,0,0,0,0,0,4,0,0,0,0,1,1,0,0,0,0,0,0,2,0,0,2,6,0,10,18
1308,0,0,0,0,0,0,0,0,1,1,0,0,0,0,0,1,1,1,1,1,1,0,1,0,0,0,1,1,1,1,10,10,0,10,33
3010,0,0,0,0,0,0,0,0,0,0,0,0,1,1,0,0,0,0,0,0,0,0,0,0,0,0,0,0,0,0,0,0,0,11,2
1939,0,0,0,0,1,1,0,0,0,0,0,0,1,1,4,0,0,0,0,0,0,0,0,0,0,0,0,0,0,0,0,4,0,11,12
5492,0,0,1,1,0,0,0,0,0,0,0,0,0,0,6,0,0,0,0,0,0,0,0,0,0,0,0,0,0,0,0,6,0,1,14
4521,0,0,0,0,0,0,1,1,0,0,0,0,0,0,2,0,0,0,0,0,1,0,0,0,0,0,0,0,1,1,0,2,0,14,9
4256,0,0,0,0,0,0,0,0,0,0,0,0,0,0,0,2,2,2,2,0,0,0,0,0,0,0,0,0,1,1,16,16,0,14,42
3201,0,0,0,0,0,0,0,0,1,1,0,0,0,0,0,0,0,0,0,1,1,0,0,1,1,0,0,0,0,0,2,2,0,14,10
1038,0,0,0,0,0,0,0,0,0,0,0,0,0,0,0,1,1,0,0,0,0,0,0,1,1,0,0,1,0,0,5,5,0,15,15
48,1,1,0,0,0,0,0,0,0,0,0,1,0,0,0,0,3,3,3,3,3,0,0,0,0,1,3,3,0,0,15,16,0,15,56
3138,0,0,0,0,0,0,0,0,0,0,0,0,0,0,0,0,0,0,0,0,0,2,2,2,2,0,0,0,0,0,2,2,0,15,12
4145,1,1,0,0,0,0,0,0,0,0,0,1,0,0,0,1,1,0,0,0,0,0,0,2,4,0,0,0,0,0,5,5,0,15,21
3260,0,0,0,0,1,1,1,1,0,0,1,2,0,0,6,0,0,0,0,0,0,0,0,0,0,0,0,0,0,0,0,6,0,15,19
3266,0,0,0,0,0,0,0,0,1,1,0,0,0,0,0,0,0,0,0,0,0,0,0,1,1,0,0,2,0,0,0,0,0,16,6
4284,0,0,0,0,0,0,0,0,0,0,0,0,0,0,0,0,0,0,3,0,3,0,0,0,0,0,0,0,0,0,0,0,0,16,6
554,1,1,0,0,0,0,0,0,0,0,0,0,0,0,0,1,1,0,0,2,2,0,0,0,0,0,0,0,0,0,9,9,0,16,26
4085,1,1,0,0,0,0,0,0,0,0,0,0,0,0,0,1,1,0,0,2,2,0,0,0,0,0,0,0,1,1,9,9,0,16,28
5667,0,0,0,0,0,0,0,0,0,0,0,0,0,0,0,0,0,0,0,1,3,0,0,0,0,0,2,2,0,0,2,2,0,16,12
5484,1,1,0,0,0,0,0,0,0,0,0,0,0,0,0,1,1,0,0,0,0,0,0,0,0,0,2,3,0,0,5,5,0,17,19
4213,0,0,0,0,0,0,0,0,0,0,0,1,0,0,0,1,1,2,2,1,1,2,2,0,0,0,3,5,0,0,15,15,0,17,51
5492,0,0,0,0,1,1,0,0,0,0,0,0,0,0,4,0,0,0,0,1,1,1,1,0,0,0,2,3,1,1,3,7,0,17,27
245,0,0,0,0,0,0,0,0,0,2,0,0,4,4,0,1,1,0,0,1,2,0,0,2,2,0,0,0,0,0,7,7,0,17,33
279,1,1,0,0,0,0,0,0,1,5,0,0,0,0,0,0,0,0,0,0,0,1,2,2,2,0,0,0,0,0,1,1,0,17,17
2040,0,0,0,0,0,1,0,0,0,0,0,0,0,0,0,0,0,2,2,2,4,1,1,3,3,0,0,1,0,0,11,11,0,18,42
5413,0,0,0,0,0,0,0,0,0,0,1,2,0,0,0,1,1,5,6,0,0,3,4,10,10,2,3,5,0,0,23,25,0,18,101
128,0,0,0,0,0,0,0,0,0,0,0,0,0,0,0,1,1,0,0,0,0,0,0,0,0,0,1,1,6,6,5,5,0,18,26
4920,0,0,0,0,0,0,0,0,0,0,0,0,0,0,0,1,1,0,0,0,0,0,0,0,0,0,0,1,0,1,5,5,0,18,14
2399,0,0,1,1,0,0,0,0,1,1,0,0,0,0,6,2,2,1,1,0,0,2,2,2,2,1,0,0,4,4,15,22,0,19,70
3821,0,0,1,2,0,0,0,0,0,0,0,0,0,0,6,0,0,2,3,1,1,0,0,0,0,0,0,0,0,0,8,14,0,19,38
3814,0,0,0,0,0,0,0,0,4,4,0,0,0,0,0,0,0,2,2,1,1,0,0,0,0,0,0,0,1,1,8,8,0,19,32
1985,0,0,0,0,0,0,0,0,1,1,0,0,0,0,0,1,1,0,0,0,0,2,2,1,1,0,0,0,1,1,7,7,0,19,26
5811,0,0,0,0,0,0,0,0,2,2,0,0,0,0,0,0,0,1,1,0,0,1,1,3,3,1,0,0,3,3,4,5,0,20,30
6084,0,0,0,0,0,0,0,0,0,0,0,0,0,0,0,1,1,2,2,0,0,0,0,0,0,0,3,3,0,0,11,11,0,20,34
3324,0,0,0,0,0,0,0,0,0,0,0,0,0,0,0,0,1,2,2,0,0,0,0,0,0,0,0,0,1,1,6,6,0,20,19
3777,0,0,0,0,0,0,0,0,0,0,0,0,0,0,0,3,3,0,0,0,0,0,0,0,0,0,0,0,0,0,15,15,0,20,36
48,1,1,0,0,0,0,0,0,0,0,0,1,0,0,0,3,3,0,0,0,2,0,0,0,0,1,3,4,0,0,15,16,0,21,50
3266,0,0,0,0,0,0,0,0,0,0,0,0,0,0,0,0,0,0,0,0,0,1,1,2,2,1,0,0,0,0,1,2,0,21,10
3201,0,0,0,0,0,0,0,0,0,0,0,0,0,0,0,0,0,0,0,1,1,0,0,0,0,0,0,0,0,0,2,2,0,21,6
1939,1,1,0,0,0,0,0,0,0,0,0,0,2,2,0,0,0,0,0,0,0,0,0,0,0,0,0,0,0,0,0,0,0,21,6
5809,0,0,1,1,0,0,0,0,4,4,0,0,0,0,6,0,0,0,0,0,0,0,0,0,0,0,0,0,0,0,0,6,0,21,22
245,0,0,0,0,0,0,0,0,0,0,0,0,0,0,0,0,1,2,2,2,3,2,2,0,0,1,0,1,3,3,12,13,0,22,47
337,0,1,0,0,0,0,1,1,0,0,0,0,0,0,2,0,0,1,1,0,0,3,3,2,2,2,0,0,1,1,6,10,0,22,37
144,1,1,0,0,0,0,0,0,0,0,0,0,0,0,0,0,0,0,0,0,0,0,0,0,0,0,0,0,1,1,0,0,0,22,4
451,0,0,0,0,0,0,0,0,0,0,0,0,0,0,0,1,1,0,0,2,2,2,5,2,2,0,0,0,0,0,11,11,0,22,39
2603,0,0,0,0,0,0,0,0,0,3,0,0,0,0,0,0,0,0,0,0,0,0,0,5,5,0,0,0,3,3,0,0,0,22,19
